Name,Label
Artlantis/Artlantis_1814.jpeg,1
Artlantis/Artlantis_84.jpeg,1
Artlantis/Artlantis_1381.jpeg,1
Artlantis/Artlantis_1416.jpeg,1
Artlantis/Artlantis_60.jpeg,1
Artlantis/Artlantis_670.jpeg,1
Artlantis/Artlantis_1581.jpeg,1
Artlantis/Artlantis_1499.jpeg,1
Artlantis/Artlantis_873.jpeg,1
Artlantis/Artlantis_1310.jpeg,1
Artlantis/Artlantis_1380.jpeg,1
Artlantis/Artlantis_1118.jpeg,1
Artlantis/Artlantis_601.jpeg,1
Artlantis/Artlantis_673.jpeg,1
Artlantis/Artlantis_1861.jpeg,1
Artlantis/Artlantis_16.jpeg,1
Artlantis/Artlantis_816.jpeg,1
Artlantis/Artlantis_1348.jpeg,1
Artlantis/Artlantis_262.jpeg,1
Artlantis/Artlantis_69.jpeg,1
Artlantis/Artlantis_376.jpeg,1
Artlantis/Artlantis_1413.jpeg,1
Artlantis/Artlantis_417.jpeg,1
Artlantis/Artlantis_778.jpeg,1
Artlantis/Artlantis_834.jpeg,1
Artlantis/Artlantis_1807.jpeg,1
Artlantis/Artlantis_896.jpeg,1
Artlantis/Artlantis_1718.jpeg,1
Artlantis/Artlantis_1293.jpeg,1
Artlantis/Artlantis_1702.jpeg,1
Artlantis/Artlantis_478.jpeg,1
Artlantis/Artlantis_436.jpeg,1
Artlantis/Artlantis_1226.jpeg,1
Artlantis/Artlantis_1307.jpeg,1
Artlantis/Artlantis_505.jpeg,1
Artlantis/Artlantis_829.jpeg,1
Artlantis/Artlantis_1097.jpeg,1
Artlantis/Artlantis_344.jpeg,1
Artlantis/Artlantis_1820.jpeg,1
Artlantis/Artlantis_275.jpeg,1
Artlantis/Artlantis_482.jpeg,1
Artlantis/Artlantis_94.jpeg,1
Artlantis/Artlantis_939.jpeg,1
Artlantis/Artlantis_1642.jpeg,1
Artlantis/Artlantis_1772.jpeg,1
Artlantis/Artlantis_741.jpeg,1
Artlantis/Artlantis_450.jpeg,1
Artlantis/Artlantis_1137.jpeg,1
Artlantis/Artlantis_542.jpeg,1
Artlantis/Artlantis_576.jpeg,1
Artlantis/Artlantis_1395.jpeg,1
Artlantis/Artlantis_1591.jpeg,1
Artlantis/Artlantis_466.jpeg,1
Artlantis/Artlantis_1755.jpeg,1
Artlantis/Artlantis_718.jpeg,1
Artlantis/Artlantis_1873.jpeg,1
Artlantis/Artlantis_1707.jpeg,1
Artlantis/Artlantis_1304.jpeg,1
Artlantis/Artlantis_693.jpeg,1
Artlantis/Artlantis_56.jpeg,1
Artlantis/Artlantis_1053.jpeg,1
Artlantis/Artlantis_306.jpeg,1
Artlantis/Artlantis_1170.jpeg,1
Artlantis/Artlantis_740.jpeg,1
Artlantis/Artlantis_1429.jpeg,1
Artlantis/Artlantis_1004.jpeg,1
Artlantis/Artlantis_3.jpeg,1
Artlantis/Artlantis_1161.jpeg,1
Artlantis/Artlantis_345.jpeg,1
Artlantis/Artlantis_106.jpeg,1
Artlantis/Artlantis_1105.jpeg,1
Artlantis/Artlantis_1093.jpeg,1
Artlantis/Artlantis_953.jpeg,1
Artlantis/Artlantis_1027.jpeg,1
Artlantis/Artlantis_708.jpeg,1
Artlantis/Artlantis_928.jpeg,1
Artlantis/Artlantis_622.jpeg,1
Artlantis/Artlantis_1624.jpeg,1
Artlantis/Artlantis_682.jpeg,1
Artlantis/Artlantis_654.jpeg,1
Artlantis/Artlantis_1715.jpeg,1
Artlantis/Artlantis_1623.jpeg,1
Artlantis/Artlantis_1546.jpeg,1
Artlantis/Artlantis_692.jpeg,1
Artlantis/Artlantis_1370.jpeg,1
Artlantis/Artlantis_322.jpeg,1
Artlantis/Artlantis_905.jpeg,1
Artlantis/Artlantis_1266.jpeg,1
Artlantis/Artlantis_1837.jpeg,1
Artlantis/Artlantis_1082.jpeg,1
Artlantis/Artlantis_75.jpeg,1
Artlantis/Artlantis_110.jpeg,1
Artlantis/Artlantis_1557.jpeg,1
Artlantis/Artlantis_528.jpeg,1
Artlantis/Artlantis_1875.jpeg,1
Artlantis/Artlantis_979.jpeg,1
Artlantis/Artlantis_596.jpeg,1
Artlantis/Artlantis_536.jpeg,1
Artlantis/Artlantis_1329.jpeg,1
Artlantis/Artlantis_282.jpeg,1
Artlantis/Artlantis_1052.jpeg,1
Artlantis/Artlantis_88.jpeg,1
Artlantis/Artlantis_1114.jpeg,1
Artlantis/Artlantis_467.jpeg,1
Artlantis/Artlantis_1673.jpeg,1
Artlantis/Artlantis_422.jpeg,1
Artlantis/Artlantis_379.jpeg,1
Artlantis/Artlantis_844.jpeg,1
Artlantis/Artlantis_1828.jpeg,1
Artlantis/Artlantis_1327.jpeg,1
Artlantis/Artlantis_744.jpeg,1
Artlantis/Artlantis_756.jpeg,1
Artlantis/Artlantis_272.jpeg,1
Artlantis/Artlantis_193.jpeg,1
Artlantis/Artlantis_205.jpeg,1
Artlantis/Artlantis_1708.jpeg,1
Artlantis/Artlantis_832.jpeg,1
Artlantis/Artlantis_1212.jpeg,1
Artlantis/Artlantis_739.jpeg,1
Artlantis/Artlantis_1222.jpeg,1
Artlantis/Artlantis_355.jpeg,1
Artlantis/Artlantis_856.jpeg,1
Artlantis/Artlantis_738.jpeg,1
Artlantis/Artlantis_1384.jpeg,1
Artlantis/Artlantis_1851.jpeg,1
Artlantis/Artlantis_170.jpeg,1
Artlantis/Artlantis_657.png,1
Artlantis/Artlantis_1716.jpeg,1
Artlantis/Artlantis_540.jpeg,1
Artlantis/Artlantis_729.jpeg,1
Artlantis/Artlantis_1793.jpeg,1
Artlantis/Artlantis_176.jpeg,1
Artlantis/Artlantis_1192.jpeg,1
Artlantis/Artlantis_598.jpeg,1
Artlantis/Artlantis_83.jpeg,1
Artlantis/Artlantis_243.jpeg,1
Artlantis/Artlantis_1683.jpeg,1
Artlantis/Artlantis_1537.jpeg,1
Artlantis/Artlantis_59.jpeg,1
Artlantis/Artlantis_559.jpeg,1
Artlantis/Artlantis_1502.jpeg,1
Artlantis/Artlantis_1648.jpeg,1
Artlantis/Artlantis_815.jpeg,1
Artlantis/Artlantis_1819.jpeg,1
Artlantis/Artlantis_780.jpeg,1
Artlantis/Artlantis_1552.jpeg,1
Artlantis/Artlantis_1632.jpeg,1
Artlantis/Artlantis_719.jpeg,1
Artlantis/Artlantis_1534.jpeg,1
Artlantis/Artlantis_420.jpeg,1
Artlantis/Artlantis_270.jpeg,1
Artlantis/Artlantis_1138.jpeg,1
Artlantis/Artlantis_1466.jpeg,1
Artlantis/Artlantis_593.jpeg,1
Artlantis/Artlantis_1342.jpeg,1
Artlantis/Artlantis_1678.jpeg,1
Artlantis/Artlantis_1420.jpeg,1
Artlantis/Artlantis_203.jpeg,1
Artlantis/Artlantis_703.jpeg,1
Artlantis/Artlantis_1200.jpeg,1
Artlantis/Artlantis_1829.jpeg,1
Artlantis/Artlantis_574.jpeg,1
Artlantis/Artlantis_771.jpeg,1
Artlantis/Artlantis_1371.jpeg,1
Artlantis/Artlantis_527.jpeg,1
Artlantis/Artlantis_1321.jpeg,1
Artlantis/Artlantis_1085.jpeg,1
Artlantis/Artlantis_1848.jpeg,1
Artlantis/Artlantis_9.jpeg,1
Artlantis/Artlantis_246.jpeg,1
Artlantis/Artlantis_578.jpeg,1
Artlantis/Artlantis_1653.png,1
Artlantis/Artlantis_619.jpeg,1
Artlantis/Artlantis_851.jpeg,1
Artlantis/Artlantis_24.jpeg,1
Artlantis/Artlantis_1284.jpeg,1
Artlantis/Artlantis_1207.jpeg,1
Artlantis/Artlantis_1629.jpeg,1
Artlantis/Artlantis_37.jpeg,1
Artlantis/Artlantis_1119.jpeg,1
Artlantis/Artlantis_1122.jpeg,1
Artlantis/Artlantis_1216.jpeg,1
Artlantis/Artlantis_303.jpeg,1
Artlantis/Artlantis_1000.jpeg,1
Artlantis/Artlantis_85.jpeg,1
Artlantis/Artlantis_824.jpeg,1
Artlantis/Artlantis_1800.jpeg,1
Artlantis/Artlantis_93.jpeg,1
Artlantis/Artlantis_1193.jpeg,1
Artlantis/Artlantis_156.jpeg,1
Artlantis/Artlantis_583.jpeg,1
Artlantis/Artlantis_1584.jpeg,1
Artlantis/Artlantis_715.jpeg,1
Artlantis/Artlantis_519.jpeg,1
Artlantis/Artlantis_609.jpeg,1
Artlantis/Artlantis_423.jpeg,1
Artlantis/Artlantis_1685.jpeg,1
Artlantis/Artlantis_960.jpeg,1
Artlantis/Artlantis_1394.jpeg,1
Artlantis/Artlantis_1853.jpeg,1
Artlantis/Artlantis_185.jpeg,1
Artlantis/Artlantis_228.jpeg,1
Artlantis/Artlantis_484.jpeg,1
Artlantis/Artlantis_742.jpeg,1
Artlantis/Artlantis_631.jpeg,1
Artlantis/Artlantis_1696.jpeg,1
Artlantis/Artlantis_1438.jpeg,1
Artlantis/Artlantis_1823.jpeg,1
Artlantis/Artlantis_116.jpeg,1
Artlantis/Artlantis_811.jpeg,1
Artlantis/Artlantis_55.jpeg,1
Artlantis/Artlantis_234.jpeg,1
Artlantis/Artlantis_1005.jpeg,1
Artlantis/Artlantis_189.jpeg,1
Artlantis/Artlantis_1821.jpeg,1
Artlantis/Artlantis_1740.jpeg,1
Artlantis/Artlantis_1610.jpeg,1
Artlantis/Artlantis_1767.jpeg,1
Artlantis/Artlantis_838.jpeg,1
Artlantis/Artlantis_1757.jpeg,1
Artlantis/Artlantis_1257.jpeg,1
Artlantis/Artlantis_814.jpeg,1
Artlantis/Artlantis_448.jpeg,1
Artlantis/Artlantis_537.jpeg,1
Artlantis/Artlantis_746.jpeg,1
Artlantis/Artlantis_1106.jpeg,1
Artlantis/Artlantis_522.jpeg,1
Artlantis/Artlantis_54.jpeg,1
Artlantis/Artlantis_885.jpeg,1
Artlantis/Artlantis_1131.jpeg,1
Artlantis/Artlantis_1677.jpeg,1
Artlantis/Artlantis_199.jpeg,1
Artlantis/Artlantis_759.jpeg,1
Artlantis/Artlantis_1482.jpeg,1
Artlantis/Artlantis_227.jpeg,1
Artlantis/Artlantis_1769.jpeg,1
Artlantis/Artlantis_573.jpeg,1
Artlantis/Artlantis_273.jpeg,1
Artlantis/Artlantis_1561.jpeg,1
Artlantis/Artlantis_1286.jpeg,1
Artlantis/Artlantis_1382.jpeg,1
Artlantis/Artlantis_902.jpeg,1
Artlantis/Artlantis_415.jpeg,1
Artlantis/Artlantis_1195.jpeg,1
Artlantis/Artlantis_245.jpeg,1
Artlantis/Artlantis_644.jpeg,1
Artlantis/Artlantis_62.jpeg,1
Artlantis/Artlantis_1167.jpeg,1
Artlantis/Artlantis_488.jpeg,1
Artlantis/Artlantis_599.jpeg,1
Artlantis/Artlantis_921.jpeg,1
Artlantis/Artlantis_19.jpeg,1
Artlantis/Artlantis_770.jpeg,1
Artlantis/Artlantis_535.jpeg,1
Artlantis/Artlantis_830.jpeg,1
Artlantis/Artlantis_608.jpeg,1
Artlantis/Artlantis_418.jpeg,1
Artlantis/Artlantis_1809.jpeg,1
Artlantis/Artlantis_374.jpeg,1
Artlantis/Artlantis_1180.jpeg,1
Artlantis/Artlantis_1418.jpeg,1
Artlantis/Artlantis_1072.jpeg,1
Artlantis/Artlantis_1835.jpeg,1
Artlantis/Artlantis_299.jpeg,1
Artlantis/Artlantis_586.jpeg,1
Artlantis/Artlantis_1580.jpeg,1
Artlantis/Artlantis_1047.jpeg,1
Artlantis/Artlantis_1742.jpeg,1
Artlantis/Artlantis_968.jpeg,1
Artlantis/Artlantis_331.jpeg,1
Artlantis/Artlantis_257.jpeg,1
Artlantis/Artlantis_998.jpeg,1
Artlantis/Artlantis_1633.jpeg,1
Artlantis/Artlantis_491.jpeg,1
Artlantis/Artlantis_1745.jpeg,1
Artlantis/Artlantis_850.jpeg,1
Artlantis/Artlantis_709.jpeg,1
Artlantis/Artlantis_47.jpeg,1
Artlantis/Artlantis_1703.jpeg,1
Artlantis/Artlantis_1732.jpeg,1
Artlantis/Artlantis_877.jpeg,1
Artlantis/Artlantis_1325.jpeg,1
Artlantis/Artlantis_1228.jpeg,1
Artlantis/Artlantis_1472.jpeg,1
Artlantis/Artlantis_1154.jpeg,1
Artlantis/Artlantis_1038.jpeg,1
Artlantis/Artlantis_701.jpeg,1
Artlantis/Artlantis_1595.jpeg,1
Artlantis/Artlantis_302.jpeg,1
Artlantis/Artlantis_1271.jpeg,1
Artlantis/Artlantis_1441.jpeg,1
Artlantis/Artlantis_1553.jpeg,1
Artlantis/Artlantis_978.jpeg,1
Artlantis/Artlantis_8.jpeg,1
Artlantis/Artlantis_1396.jpeg,1
Artlantis/Artlantis_1538.jpeg,1
Artlantis/Artlantis_1713.jpeg,1
Artlantis/Artlantis_587.jpeg,1
Artlantis/Artlantis_687.jpeg,1
Artlantis/Artlantis_1410.jpeg,1
Artlantis/Artlantis_223.jpeg,1
Artlantis/Artlantis_1017.jpeg,1
Artlantis/Artlantis_887.jpeg,1
Artlantis/Artlantis_870.jpeg,1
Artlantis/Artlantis_1729.jpeg,1
Artlantis/Artlantis_1454.jpeg,1
Artlantis/Artlantis_1165.jpeg,1
Artlantis/Artlantis_12.jpeg,1
Artlantis/Artlantis_610.jpeg,1
Artlantis/Artlantis_1049.jpeg,1
Artlantis/Artlantis_790.jpeg,1
Artlantis/Artlantis_118.jpeg,1
Artlantis/Artlantis_120.jpeg,1
Artlantis/Artlantis_1826.jpeg,1
Artlantis/Artlantis_1253.jpeg,1
Artlantis/Artlantis_236.jpeg,1
Artlantis/Artlantis_1748.jpeg,1
Artlantis/Artlantis_855.jpeg,1
Artlantis/Artlantis_569.jpeg,1
Artlantis/Artlantis_1366.jpeg,1
Artlantis/Artlantis_1799.jpeg,1
Artlantis/Artlantis_1190.jpeg,1
Artlantis/Artlantis_460.jpeg,1
Artlantis/Artlantis_1360.jpeg,1
Artlantis/Artlantis_1377.jpeg,1
Artlantis/Artlantis_297.jpeg,1
Artlantis/Artlantis_1191.jpeg,1
Artlantis/Artlantis_1666.jpeg,1
Artlantis/Artlantis_1603.jpeg,1
Artlantis/Artlantis_122.jpeg,1
Artlantis/Artlantis_1686.jpeg,1
Artlantis/Artlantis_258.jpeg,1
Artlantis/Artlantis_244.jpeg,1
Artlantis/Artlantis_90.jpeg,1
Artlantis/Artlantis_892.jpeg,1
Artlantis/Artlantis_1637.jpeg,1
Artlantis/Artlantis_323.jpeg,1
Artlantis/Artlantis_1123.jpeg,1
Artlantis/Artlantis_191.jpeg,1
Artlantis/Artlantis_1531.jpeg,1
Artlantis/Artlantis_1008.jpeg,1
Artlantis/Artlantis_707.jpeg,1
Artlantis/Artlantis_929.jpeg,1
Artlantis/Artlantis_1737.jpeg,1
Artlantis/Artlantis_1094.jpeg,1
Artlantis/Artlantis_684.jpeg,1
Artlantis/Artlantis_365.jpeg,1
Artlantis/Artlantis_1514.jpeg,1
Artlantis/Artlantis_655.jpeg,1
Artlantis/Artlantis_886.jpeg,1
Artlantis/Artlantis_1306.jpeg,1
Artlantis/Artlantis_1497.jpeg,1
Artlantis/Artlantis_1620.jpeg,1
Artlantis/Artlantis_1419.jpeg,1
Artlantis/Artlantis_249.jpeg,1
Artlantis/Artlantis_992.jpeg,1
Artlantis/Artlantis_1363.jpeg,1
Artlantis/Artlantis_579.jpeg,1
Artlantis/Artlantis_1682.jpeg,1
Artlantis/Artlantis_1326.jpeg,1
Artlantis/Artlantis_1593.jpeg,1
Artlantis/Artlantis_1235.jpeg,1
Artlantis/Artlantis_1183.jpeg,1
Artlantis/Artlantis_44.jpeg,1
Artlantis/Artlantis_1872.jpeg,1
Artlantis/Artlantis_338.jpeg,1
Artlantis/Artlantis_476.jpeg,1
Artlantis/Artlantis_289.jpeg,1
Artlantis/Artlantis_572.jpeg,1
Artlantis/Artlantis_20.jpeg,1
Artlantis/Artlantis_1730.jpeg,1
Artlantis/Artlantis_1423.jpeg,1
Artlantis/Artlantis_1065.jpeg,1
Artlantis/Artlantis_380.jpeg,1
Artlantis/Artlantis_14.jpeg,1
Artlantis/Artlantis_265.jpeg,1
Artlantis/Artlantis_557.jpeg,1
Artlantis/Artlantis_1505.jpeg,1
Artlantis/Artlantis_100.jpeg,1
Artlantis/Artlantis_1218.jpeg,1
Artlantis/Artlantis_463.jpeg,1
Artlantis/Artlantis_438.jpeg,1
Artlantis/Artlantis_804.jpeg,1
Artlantis/Artlantis_1340.jpeg,1
Artlantis/Artlantis_630.jpeg,1
Artlantis/Artlantis_1399.png,1
Artlantis/Artlantis_863.jpeg,1
Artlantis/Artlantis_1.jpeg,1
Artlantis/Artlantis_747.jpeg,1
Artlantis/Artlantis_1111.jpeg,1
Artlantis/Artlantis_393.jpeg,1
Artlantis/Artlantis_817.jpeg,1
Artlantis/Artlantis_63.jpeg,1
Artlantis/Artlantis_871.jpeg,1
Artlantis/Artlantis_1233.jpeg,1
Artlantis/Artlantis_1608.jpeg,1
Artlantis/Artlantis_390.jpeg,1
Artlantis/Artlantis_651.jpeg,1
Artlantis/Artlantis_359.jpeg,1
Artlantis/Artlantis_207.jpeg,1
Artlantis/Artlantis_1665.jpeg,1
Artlantis/Artlantis_239.jpeg,1
Artlantis/Artlantis_1164.jpeg,1
Artlantis/Artlantis_1206.jpeg,1
Artlantis/Artlantis_568.jpeg,1
Artlantis/Artlantis_103.jpeg,1
Artlantis/Artlantis_32.jpeg,1
Artlantis/Artlantis_39.jpeg,1
Artlantis/Artlantis_135.jpeg,1
Artlantis/Artlantis_7.jpeg,1
Artlantis/Artlantis_571.jpeg,1
Artlantis/Artlantis_490.jpeg,1
Artlantis/Artlantis_839.jpeg,1
Artlantis/Artlantis_1096.jpeg,1
Artlantis/Artlantis_1641.jpeg,1
Artlantis/Artlantis_1605.jpeg,1
Artlantis/Artlantis_1197.jpeg,1
Artlantis/Artlantis_1709.jpeg,1
Artlantis/Artlantis_641.jpeg,1
Artlantis/Artlantis_791.jpeg,1
Artlantis/Artlantis_1297.jpeg,1
Artlantis/Artlantis_1295.jpeg,1
Artlantis/Artlantis_949.jpeg,1
Artlantis/Artlantis_1368.jpeg,1
Artlantis/Artlantis_686.jpeg,1
Artlantis/Artlantis_342.jpeg,1
Artlantis/Artlantis_1876.jpeg,1
Artlantis/Artlantis_1135.jpeg,1
Artlantis/Artlantis_1775.jpeg,1
Artlantis/Artlantis_269.jpeg,1
Artlantis/Artlantis_1143.jpeg,1
Artlantis/Artlantis_1460.jpeg,1
Artlantis/Artlantis_808.jpeg,1
Artlantis/Artlantis_446.jpeg,1
Artlantis/Artlantis_1704.jpeg,1
Artlantis/Artlantis_225.jpeg,1
Artlantis/Artlantis_87.jpeg,1
Artlantis/Artlantis_1174.jpeg,1
Artlantis/Artlantis_1285.jpeg,1
Artlantis/Artlantis_1811.jpeg,1
Artlantis/Artlantis_1555.jpeg,1
Artlantis/Artlantis_318.jpeg,1
Artlantis/Artlantis_315.jpeg,1
Artlantis/Artlantis_1812.jpeg,1
Artlantis/Artlantis_773.jpeg,1
Artlantis/Artlantis_1721.jpeg,1
Artlantis/Artlantis_494.jpeg,1
Artlantis/Artlantis_1763.jpeg,1
Artlantis/Artlantis_618.jpeg,1
Artlantis/Artlantis_616.jpeg,1
Artlantis/Artlantis_1014.jpeg,1
Artlantis/Artlantis_1316.jpeg,1
Artlantis/Artlantis_1440.jpeg,1
Artlantis/Artlantis_813.jpeg,1
Artlantis/Artlantis_1774.jpeg,1
Artlantis/Artlantis_1147.jpeg,1
Artlantis/Artlantis_320.jpeg,1
Artlantis/Artlantis_1727.jpeg,1
Artlantis/Artlantis_501.jpeg,1
Artlantis/Artlantis_1541.jpeg,1
Artlantis/Artlantis_948.jpeg,1
Artlantis/Artlantis_1374.jpeg,1
Artlantis/Artlantis_1842.jpeg,1
Artlantis/Artlantis_716.jpeg,1
Artlantis/Artlantis_1083.jpeg,1
Artlantis/Artlantis_34.jpeg,1
Artlantis/Artlantis_1236.jpeg,1
Artlantis/Artlantis_565.jpeg,1
Artlantis/Artlantis_795.jpeg,1
Artlantis/Artlantis_1153.jpeg,1
Artlantis/Artlantis_1331.jpeg,1
Artlantis/Artlantis_1408.jpeg,1
Artlantis/Artlantis_1055.jpeg,1
Artlantis/Artlantis_792.jpeg,1
Artlantis/Artlantis_734.jpeg,1
Artlantis/Artlantis_661.jpeg,1
Artlantis/Artlantis_1405.jpeg,1
Artlantis/Artlantis_452.jpeg,1
Artlantis/Artlantis_1601.jpeg,1
Artlantis/Artlantis_749.jpeg,1
Artlantis/Artlantis_1622.jpeg,1
Artlantis/Artlantis_957.jpeg,1
Artlantis/Artlantis_1312.jpeg,1
Artlantis/Artlantis_603.jpeg,1
Artlantis/Artlantis_1010.jpeg,1
Artlantis/Artlantis_658.jpeg,1
Artlantis/Artlantis_46.jpeg,1
Artlantis/Artlantis_307.jpeg,1
Artlantis/Artlantis_1299.jpeg,1
Artlantis/Artlantis_1791.jpeg,1
Artlantis/Artlantis_765.jpeg,1
Artlantis/Artlantis_259.png,1
Artlantis/Artlantis_1337.jpeg,1
Artlantis/Artlantis_1075.jpeg,1
Artlantis/Artlantis_173.jpeg,1
Artlantis/Artlantis_102.jpeg,1
Artlantis/Artlantis_1849.jpeg,1
Artlantis/Artlantis_1619.jpeg,1
Artlantis/Artlantis_247.jpeg,1
Artlantis/Artlantis_369.jpeg,1
Artlantis/Artlantis_1086.jpeg,1
Artlantis/Artlantis_1068.jpeg,1
Artlantis/Artlantis_1265.jpeg,1
Artlantis/Artlantis_1264.jpeg,1
Artlantis/Artlantis_43.jpeg,1
Artlantis/Artlantis_967.jpeg,1
Artlantis/Artlantis_481.jpeg,1
Artlantis/Artlantis_1674.jpeg,1
Artlantis/Artlantis_1006.jpeg,1
Artlantis/Artlantis_21.jpeg,1
Artlantis/Artlantis_362.jpeg,1
Artlantis/Artlantis_1658.jpeg,1
Artlantis/Artlantis_232.jpeg,1
Artlantis/Artlantis_1334.jpeg,1
Artlantis/Artlantis_677.jpeg,1
Artlantis/Artlantis_1392.jpeg,1
Artlantis/Artlantis_660.jpeg,1
Artlantis/Artlantis_138.jpeg,1
Artlantis/Artlantis_611.jpeg,1
Artlantis/Artlantis_635.jpeg,1
Artlantis/Artlantis_1862.jpeg,1
Artlantis/Artlantis_455.jpeg,1
Artlantis/Artlantis_975.jpeg,1
Artlantis/Artlantis_1577.jpeg,1
Artlantis/Artlantis_1162.jpeg,1
Artlantis/Artlantis_689.jpeg,1
Artlantis/Artlantis_880.jpeg,1
Artlantis/Artlantis_1825.jpeg,1
Artlantis/Artlantis_1840.jpeg,1
Artlantis/Artlantis_1282.jpeg,1
Artlantis/Artlantis_2.jpeg,1
Artlantis/Artlantis_575.jpeg,1
Artlantis/Artlantis_722.jpeg,1
Artlantis/Artlantis_1288.jpeg,1
Artlantis/Artlantis_1804.jpeg,1
Artlantis/Artlantis_1066.jpeg,1
Artlantis/Artlantis_251.jpeg,1
Artlantis/Artlantis_1317.jpeg,1
Artlantis/Artlantis_1507.jpeg,1
Artlantis/Artlantis_727.jpeg,1
Artlantis/Artlantis_1043.jpeg,1
Artlantis/Artlantis_847.jpeg,1
Artlantis/Artlantis_1764.jpeg,1
Artlantis/Artlantis_1159.jpeg,1
Artlantis/Artlantis_474.jpeg,1
Artlantis/Artlantis_1679.jpeg,1
Artlantis/Artlantis_1270.jpeg,1
Artlantis/Artlantis_1341.jpeg,1
Artlantis/Artlantis_1478.jpeg,1
Artlantis/Artlantis_1752.jpeg,1
Artlantis/Artlantis_1731.jpeg,1
Artlantis/Artlantis_1173.jpeg,1
Artlantis/Artlantis_382.jpeg,1
Artlantis/Artlantis_340.jpeg,1
Artlantis/Artlantis_160.jpeg,1
Artlantis/Artlantis_6.jpeg,1
Artlantis/Artlantis_158.jpeg,1
Artlantis/Artlantis_667.jpeg,1
Artlantis/Artlantis_222.jpeg,1
Artlantis/Artlantis_555.jpeg,1
Artlantis/Artlantis_472.jpeg,1
Artlantis/Artlantis_1390.jpeg,1
Artlantis/Artlantis_404.jpeg,1
Artlantis/Artlantis_1458.jpeg,1
Artlantis/Artlantis_105.jpeg,1
Artlantis/Artlantis_80.jpeg,1
Artlantis/Artlantis_1843.jpeg,1
Artlantis/Artlantis_1688.jpeg,1
Artlantis/Artlantis_1453.jpeg,1
Artlantis/Artlantis_825.jpeg,1
Artlantis/Artlantis_444.jpeg,1
Artlantis/Artlantis_1474.jpeg,1
Artlantis/Artlantis_268.jpeg,1
Artlantis/Artlantis_1205.png,1
Artlantis/Artlantis_563.jpeg,1
Artlantis/Artlantis_162.jpeg,1
Artlantis/Artlantis_192.jpeg,1
Artlantis/Artlantis_1627.jpeg,1
Artlantis/Artlantis_690.jpeg,1
Artlantis/Artlantis_26.jpeg,1
Artlantis/Artlantis_392.jpeg,1
Artlantis/Artlantis_1011.jpeg,1
Artlantis/Artlantis_694.jpeg,1
Artlantis/Artlantis_310.jpeg,1
Artlantis/Artlantis_1587.jpeg,1
Artlantis/Artlantis_911.jpeg,1
Artlantis/Artlantis_529.jpeg,1
Artlantis/Artlantis_1867.jpeg,1
Artlantis/Artlantis_1070.jpeg,1
Artlantis/Artlantis_333.jpeg,1
Artlantis/Artlantis_1513.jpeg,1
Artlantis/Artlantis_253.jpeg,1
Artlantis/Artlantis_1095.jpeg,1
Artlantis/Artlantis_142.jpeg,1
Artlantis/Artlantis_1120.jpeg,1
Artlantis/Artlantis_1529.jpeg,1
Artlantis/Artlantis_1237.jpeg,1
Artlantis/Artlantis_861.jpeg,1
Artlantis/Artlantis_1550.jpeg,1
Artlantis/Artlantis_947.jpeg,1
Artlantis/Artlantis_396.jpeg,1
Artlantis/Artlantis_1615.jpeg,1
Artlantis/Artlantis_461.jpeg,1
Artlantis/Artlantis_427.jpeg,1
Artlantis/Artlantis_999.jpeg,1
Artlantis/Artlantis_1467.jpeg,1
Artlantis/Artlantis_1274.jpeg,1
Artlantis/Artlantis_280.jpeg,1
Artlantis/Artlantis_130.jpeg,1
Artlantis/Artlantis_206.jpeg,1
Artlantis/Artlantis_860.jpeg,1
Artlantis/Artlantis_1343.jpeg,1
Artlantis/Artlantis_300.jpeg,1
Artlantis/Artlantis_293.jpeg,1
Artlantis/Artlantis_966.jpeg,1
Artlantis/Artlantis_1573.jpeg,1
Artlantis/Artlantis_326.jpeg,1
Artlantis/Artlantis_1319.jpeg,1
Artlantis/Artlantis_1232.jpeg,1
Artlantis/Artlantis_567.jpeg,1
Artlantis/Artlantis_848.jpeg,1
Artlantis/Artlantis_1761.jpeg,1
Artlantis/Artlantis_211.jpeg,1
Artlantis/Artlantis_1508.jpeg,1
Artlantis/Artlantis_433.jpeg,1
Artlantis/Artlantis_1432.jpeg,1
Artlantis/Artlantis_1540.jpeg,1
Artlantis/Artlantis_950.jpeg,1
Artlantis/Artlantis_517.jpeg,1
Artlantis/Artlantis_1590.jpeg,1
Artlantis/Artlantis_1177.jpeg,1
Artlantis/Artlantis_865.jpeg,1
Artlantis/Artlantis_1351.jpeg,1
Artlantis/Artlantis_1542.jpeg,1
Artlantis/Artlantis_637.jpeg,1
Artlantis/Artlantis_255.jpeg,1
Artlantis/Artlantis_1322.jpeg,1
Artlantis/Artlantis_343.jpeg,1
Artlantis/Artlantis_1273.jpeg,1
Artlantis/Artlantis_483.jpeg,1
Artlantis/Artlantis_506.jpeg,1
Artlantis/Artlantis_1813.jpeg,1
Artlantis/Artlantis_1210.jpeg,1
Artlantis/Artlantis_1061.jpeg,1
Artlantis/Artlantis_558.jpeg,1
Artlantis/Artlantis_820.jpeg,1
Artlantis/Artlantis_1783.jpeg,1
Artlantis/Artlantis_51.jpeg,1
Artlantis/Artlantis_1592.jpeg,1
Artlantis/Artlantis_1746.jpeg,1
Artlantis/Artlantis_520.jpeg,1
Artlantis/Artlantis_1833.jpeg,1
Artlantis/Artlantis_1630.jpeg,1
Artlantis/Artlantis_1797.jpeg,1
Artlantis/Artlantis_1509.jpeg,1
Artlantis/Artlantis_1870.jpeg,1
Artlantis/Artlantis_798.jpeg,1
Artlantis/Artlantis_1597.jpeg,1
Artlantis/Artlantis_691.jpeg,1
Artlantis/Artlantis_1098.jpeg,1
Artlantis/Artlantis_82.jpeg,1
Artlantis/Artlantis_1184.jpeg,1
Artlantis/Artlantis_909.jpeg,1
Artlantis/Artlantis_605.jpeg,1
Artlantis/Artlantis_1347.jpeg,1
Artlantis/Artlantis_119.jpeg,1
Artlantis/Artlantis_712.jpeg,1
Artlantis/Artlantis_594.jpeg,1
Artlantis/Artlantis_283.jpeg,1
Artlantis/Artlantis_1585.jpeg,1
Artlantis/Artlantis_428.jpeg,1
Artlantis/Artlantis_698.jpeg,1
Artlantis/Artlantis_695.jpeg,1
Artlantis/Artlantis_515.jpeg,1
Artlantis/Artlantis_1612.jpeg,1
Artlantis/Artlantis_1668.jpeg,1
Artlantis/Artlantis_1415.jpeg,1
Artlantis/Artlantis_178.jpeg,1
Artlantis/Artlantis_475.jpeg,1
Artlantis/Artlantis_432.jpeg,1
Artlantis/Artlantis_1176.jpeg,1
Artlantis/Artlantis_615.jpeg,1
Artlantis/Artlantis_1801.jpeg,1
Artlantis/Artlantis_1845.jpeg,1
Artlantis/Artlantis_900.jpeg,1
Artlantis/Artlantis_1242.jpeg,1
Artlantis/Artlantis_354.jpeg,1
Artlantis/Artlantis_1562.jpeg,1
Artlantis/Artlantis_1692.jpeg,1
Artlantis/Artlantis_1743.jpeg,1
Artlantis/Artlantis_713.jpeg,1
Artlantis/Artlantis_1816.jpeg,1
Artlantis/Artlantis_1091.jpeg,1
Artlantis/Artlantis_822.jpeg,1
Artlantis/Artlantis_986.jpeg,1
Artlantis/Artlantis_1782.jpeg,1
Artlantis/Artlantis_1770.jpeg,1
Artlantis/Artlantis_1196.jpeg,1
Artlantis/Artlantis_1522.jpeg,1
Artlantis/Artlantis_76.jpeg,1
Artlantis/Artlantis_1634.jpeg,1
Artlantis/Artlantis_68.jpeg,1
Artlantis/Artlantis_1449.jpeg,1
Artlantis/Artlantis_1248.png,1
Artlantis/Artlantis_70.jpeg,1
Artlantis/Artlantis_1670.jpeg,1
Artlantis/Artlantis_1489.jpeg,1
Artlantis/Artlantis_577.jpeg,1
Artlantis/Artlantis_410.jpeg,1
Artlantis/Artlantis_1041.jpeg,1
Artlantis/Artlantis_1021.jpeg,1
Artlantis/Artlantis_278.jpeg,1
Artlantis/Artlantis_666.jpeg,1
Artlantis/Artlantis_217.jpeg,1
Artlantis/Artlantis_1080.jpeg,1
Artlantis/Artlantis_1039.jpeg,1
Artlantis/Artlantis_202.jpeg,1
Artlantis/Artlantis_1239.jpeg,1
Artlantis/Artlantis_1404.jpeg,1
Artlantis/Artlantis_1116.jpeg,1
Artlantis/Artlantis_996.jpeg,1
Artlantis/Artlantis_1129.jpeg,1
Artlantis/Artlantis_1133.jpeg,1
Artlantis/Artlantis_845.jpeg,1
Artlantis/Artlantis_1009.jpeg,1
Artlantis/Artlantis_868.jpeg,1
Artlantis/Artlantis_308.jpeg,1
Artlantis/Artlantis_668.jpeg,1
Artlantis/Artlantis_112.jpeg,1
Artlantis/Artlantis_1583.jpeg,1
Artlantis/Artlantis_97.jpeg,1
Artlantis/Artlantis_13.jpeg,1
Artlantis/Artlantis_31.jpeg,1
Artlantis/Artlantis_1723.jpeg,1
Artlantis/Artlantis_233.jpeg,1
Artlantis/Artlantis_1258.jpeg,1
Artlantis/Artlantis_1599.jpeg,1
Artlantis/Artlantis_1671.jpeg,1
Artlantis/Artlantis_782.jpeg,1
Artlantis/Artlantis_1519.jpeg,1
Artlantis/Artlantis_1860.jpeg,1
Artlantis/Artlantis_1446.jpeg,1
Artlantis/Artlantis_1450.jpeg,1
Artlantis/Artlantis_405.jpeg,1
Artlantis/Artlantis_1051.jpeg,1
Artlantis/Artlantis_414.jpeg,1
Artlantis/Artlantis_89.jpeg,1
Artlantis/Artlantis_1639.jpeg,1
Artlantis/Artlantis_1100.jpeg,1
Artlantis/Artlantis_435.jpeg,1
Artlantis/Artlantis_1387.jpeg,1
Artlantis/Artlantis_1604.jpeg,1
Artlantis/Artlantis_591.jpeg,1
Artlantis/Artlantis_316.jpeg,1
Artlantis/Artlantis_526.jpeg,1
Artlantis/Artlantis_1336.jpeg,1
Artlantis/Artlantis_1457.jpeg,1
Artlantis/Artlantis_250.jpeg,1
Artlantis/Artlantis_676.jpeg,1
Artlantis/Artlantis_893.jpeg,1
Artlantis/Artlantis_457.jpeg,1
Artlantis/Artlantis_1856.jpeg,1
Artlantis/Artlantis_789.jpeg,1
Artlantis/Artlantis_50.jpeg,1
Artlantis/Artlantis_1571.jpeg,1
Artlantis/Artlantis_794.jpeg,1
Artlantis/Artlantis_1493.png,1
Artlantis/Artlantis_134.jpeg,1
Artlantis/Artlantis_1728.jpeg,1
Artlantis/Artlantis_664.jpeg,1
Artlantis/Artlantis_933.jpeg,1
Artlantis/Artlantis_187.jpeg,1
Artlantis/Artlantis_456.jpeg,1
Artlantis/Artlantis_99.jpeg,1
Artlantis/Artlantis_1470.jpeg,1
Artlantis/Artlantis_1364.jpeg,1
Artlantis/Artlantis_544.jpeg,1
Artlantis/Artlantis_35.jpeg,1
Artlantis/Artlantis_1301.jpeg,1
Artlantis/Artlantis_1339.jpeg,1
Artlantis/Artlantis_904.jpeg,1
Artlantis/Artlantis_995.jpeg,1
Artlantis/Artlantis_1058.jpeg,1
Artlantis/Artlantis_614.jpeg,1
Artlantis/Artlantis_366.jpeg,1
Artlantis/Artlantis_1452.jpeg,1
Artlantis/Artlantis_1700.jpeg,1
Artlantis/Artlantis_854.jpeg,1
Artlantis/Artlantis_408.jpeg,1
Artlantis/Artlantis_1598.jpeg,1
Artlantis/Artlantis_108.jpeg,1
Artlantis/Artlantis_1626.jpeg,1
Artlantis/Artlantis_1428.jpeg,1
Artlantis/Artlantis_1358.jpeg,1
Artlantis/Artlantis_1073.jpeg,1
Artlantis/Artlantis_325.jpeg,1
Artlantis/Artlantis_913.jpeg,1
Artlantis/Artlantis_743.jpeg,1
Artlantis/Artlantis_49.jpeg,1
Artlantis/Artlantis_252.jpeg,1
Artlantis/Artlantis_984.jpeg,1
Artlantis/Artlantis_1734.jpeg,1
Artlantis/Artlantis_1400.jpeg,1
Artlantis/Artlantis_1855.png,1
Artlantis/Artlantis_127.jpeg,1
Artlantis/Artlantis_1272.png,1
Artlantis/Artlantis_1249.jpeg,1
Artlantis/Artlantis_346.jpeg,1
Artlantis/Artlantis_662.jpeg,1
Artlantis/Artlantis_1689.jpeg,1
Artlantis/Artlantis_67.jpeg,1
Artlantis/Artlantis_1425.jpeg,1
Artlantis/Artlantis_28.jpeg,1
Artlantis/Artlantis_1747.jpeg,1
Artlantis/Artlantis_241.jpeg,1
Artlantis/Artlantis_1675.jpeg,1
Artlantis/Artlantis_1481.jpeg,1
Artlantis/Artlantis_1315.jpeg,1
Artlantis/Artlantis_1063.jpeg,1
Artlantis/Artlantis_367.jpeg,1
Artlantis/Artlantis_1302.jpeg,1
Artlantis/Artlantis_539.jpeg,1
Artlantis/Artlantis_1422.jpeg,1
Artlantis/Artlantis_171.jpeg,1
Artlantis/Artlantis_857.jpeg,1
Artlantis/Artlantis_430.jpeg,1
Artlantis/Artlantis_1427.jpeg,1
Artlantis/Artlantis_710.png,1
Artlantis/Artlantis_1194.jpeg,1
Artlantis/Artlantis_624.jpeg,1
Artlantis/Artlantis_1758.jpeg,1
Artlantis/Artlantis_361.jpeg,1
Artlantis/Artlantis_64.jpeg,1
Artlantis/Artlantis_109.jpeg,1
Artlantis/Artlantis_368.jpeg,1
Artlantis/Artlantis_220.jpeg,1
Artlantis/Artlantis_971.jpeg,1
Artlantis/Artlantis_201.jpeg,1
Artlantis/Artlantis_934.jpeg,1
Artlantis/Artlantis_647.jpeg,1
Artlantis/Artlantis_585.jpeg,1
Artlantis/Artlantis_495.jpeg,1
Artlantis/Artlantis_1060.jpeg,1
Artlantis/Artlantis_803.jpeg,1
Artlantis/Artlantis_1617.jpeg,1
Artlantis/Artlantis_1115.jpeg,1
Artlantis/Artlantis_1292.jpeg,1
Artlantis/Artlantis_1664.jpeg,1
Artlantis/Artlantis_901.jpeg,1
Artlantis/Artlantis_1733.jpeg,1
Artlantis/Artlantis_1046.jpeg,1
Artlantis/Artlantis_1092.jpeg,1
Artlantis/Artlantis_663.jpeg,1
Artlantis/Artlantis_195.jpeg,1
Artlantis/Artlantis_1576.jpeg,1
Artlantis/Artlantis_944.jpeg,1
Artlantis/Artlantis_1353.png,1
Artlantis/Artlantis_548.jpeg,1
Artlantis/Artlantis_1335.jpeg,1
Artlantis/Artlantis_547.jpeg,1
Artlantis/Artlantis_1614.jpeg,1
Artlantis/Artlantis_296.jpeg,1
Artlantis/Artlantis_1684.jpeg,1
Artlantis/Artlantis_141.jpeg,1
Artlantis/Artlantis_1373.jpeg,1
Artlantis/Artlantis_53.jpeg,1
Artlantis/Artlantis_274.jpeg,1
Artlantis/Artlantis_1697.jpeg,1
Artlantis/Artlantis_1436.jpeg,1
Artlantis/Artlantis_1024.jpeg,1
Artlantis/Artlantis_1016.jpeg,1
Artlantis/Artlantis_1430.jpeg,1
Artlantis/Artlantis_1654.jpeg,1
Artlantis/Artlantis_1461.jpeg,1
Artlantis/Artlantis_1102.jpeg,1
Artlantis/Artlantis_875.jpeg,1
Artlantis/Artlantis_1318.jpeg,1
Artlantis/Artlantis_1822.jpeg,1
Artlantis/Artlantis_1694.jpeg,1
Artlantis/Artlantis_121.jpeg,1
Artlantis/Artlantis_1007.jpeg,1
Artlantis/Artlantis_204.jpeg,1
Artlantis/Artlantis_1524.jpeg,1
Artlantis/Artlantis_977.jpeg,1
Artlantis/Artlantis_1649.jpeg,1
Artlantis/Artlantis_969.jpeg,1
Artlantis/Artlantis_1352.jpeg,1
Artlantis/Artlantis_200.jpeg,1
Artlantis/Artlantis_696.jpeg,1
Artlantis/Artlantis_1784.jpeg,1
Artlantis/Artlantis_1781.jpeg,1
Artlantis/Artlantis_312.jpeg,1
Artlantis/Artlantis_1575.jpeg,1
Artlantis/Artlantis_11.jpeg,1
Artlantis/Artlantis_1726.jpeg,1
Artlantis/Artlantis_1776.jpeg,1
Artlantis/Artlantis_1134.jpeg,1
Artlantis/Artlantis_912.jpeg,1
Artlantis/Artlantis_45.jpeg,1
Artlantis/Artlantis_1261.jpeg,1
Artlantis/Artlantis_1444.jpeg,1
Artlantis/Artlantis_763.jpeg,1
Artlantis/Artlantis_1865.jpeg,1
Artlantis/Artlantis_914.jpeg,1
Artlantis/Artlantis_131.jpeg,1
Artlantis/Artlantis_471.jpeg,1
Artlantis/Artlantis_1778.jpeg,1
Artlantis/Artlantis_407.jpeg,1
Artlantis/Artlantis_1166.jpeg,1
Artlantis/Artlantis_458.jpeg,1
Artlantis/Artlantis_512.jpeg,1
Artlantis/Artlantis_1854.jpeg,1
Artlantis/Artlantis_1765.jpeg,1
Artlantis/Artlantis_1483.jpeg,1
Artlantis/Artlantis_1099.jpeg,1
Artlantis/Artlantis_965.jpeg,1
Artlantis/Artlantis_836.jpeg,1
Artlantis/Artlantis_1712.jpeg,1
Artlantis/Artlantis_1611.jpeg,1
Artlantis/Artlantis_1477.jpeg,1
Artlantis/Artlantis_841.jpeg,1
Artlantis/Artlantis_30.jpeg,1
Artlantis/Artlantis_956.jpeg,1
Artlantis/Artlantis_721.jpeg,1
Artlantis/Artlantis_976.jpeg,1
Artlantis/Artlantis_1824.jpeg,1
Artlantis/Artlantis_248.jpeg,1
Artlantis/Artlantis_620.jpeg,1
Artlantis/Artlantis_1126.jpeg,1
Artlantis/Artlantis_1152.jpeg,1
Artlantis/Artlantis_182.jpeg,1
Artlantis/Artlantis_659.jpeg,1
Artlantis/Artlantis_1108.jpeg,1
Artlantis/Artlantis_1846.jpeg,1
Artlantis/Artlantis_1433.jpeg,1
Artlantis/Artlantis_932.jpeg,1
Artlantis/Artlantis_1220.jpeg,1
Artlantis/Artlantis_1563.jpeg,1
Artlantis/Artlantis_286.jpeg,1
Artlantis/Artlantis_235.jpeg,1
Artlantis/Artlantis_1150.jpeg,1
Artlantis/Artlantis_1672.jpeg,1
Artlantis/Artlantis_1504.jpeg,1
Artlantis/Artlantis_42.jpeg,1
Artlantis/Artlantis_412.jpeg,1
Artlantis/Artlantis_77.jpeg,1
Artlantis/Artlantis_485.jpeg,1
Artlantis/Artlantis_1652.jpeg,1
Artlantis/Artlantis_337.jpeg,1
Artlantis/Artlantis_327.jpeg,1
Artlantis/Artlantis_1023.jpeg,1
Artlantis/Artlantis_748.jpeg,1
Artlantis/Artlantis_785.jpeg,1
Artlantis/Artlantis_184.jpeg,1
Artlantis/Artlantis_781.jpeg,1
Artlantis/Artlantis_1254.jpeg,1
Artlantis/Artlantis_1631.jpeg,1
Artlantis/Artlantis_1815.jpeg,1
Artlantis/Artlantis_350.jpeg,1
Artlantis/Artlantis_1473.png,1
Artlantis/Artlantis_1722.jpeg,1
Artlantis/Artlantis_1863.jpeg,1
Artlantis/Artlantis_1300.jpeg,1
Artlantis/Artlantis_1088.jpeg,1
Artlantis/Artlantis_115.jpeg,1
Artlantis/Artlantis_66.jpeg,1
Artlantis/Artlantis_1768.jpeg,1
Artlantis/Artlantis_496.jpeg,1
Artlantis/Artlantis_779.jpeg,1
Artlantis/Artlantis_1803.jpeg,1
Artlantis/Artlantis_1178.jpeg,1
Artlantis/Artlantis_473.jpeg,1
Artlantis/Artlantis_1171.jpeg,1
Artlantis/Artlantis_1521.jpeg,1
Artlantis/Artlantis_897.jpeg,1
Artlantis/Artlantis_1710.jpeg,1
Artlantis/Artlantis_918.jpeg,1
Artlantis/Artlantis_768.jpeg,1
Artlantis/Artlantis_284.jpeg,1
Artlantis/Artlantis_129.jpeg,1
Artlantis/Artlantis_254.jpeg,1
Artlantis/Artlantis_1202.jpeg,1
Artlantis/Artlantis_1213.jpeg,1
Artlantis/Artlantis_437.jpeg,1
Artlantis/Artlantis_1090.jpeg,1
Artlantis/Artlantis_1844.jpeg,1
Artlantis/Artlantis_1808.jpeg,1
Artlantis/Artlantis_736.jpeg,1
Artlantis/Artlantis_653.jpeg,1
Artlantis/Artlantis_1511.jpeg,1
Artlantis/Artlantis_1517.jpeg,1
Artlantis/Artlantis_1701.jpeg,1
Artlantis/Artlantis_1558.jpeg,1
Artlantis/Artlantis_1277.jpeg,1
Artlantis/Artlantis_1490.jpeg,1
Artlantis/Artlantis_550.jpeg,1
Artlantis/Artlantis_1185.jpeg,1
Artlantis/Artlantis_1798.jpeg,1
Artlantis/Artlantis_469.jpeg,1
Artlantis/Artlantis_1244.jpeg,1
Artlantis/Artlantis_1516.jpeg,1
Artlantis/Artlantis_426.jpeg,1
Artlantis/Artlantis_1145.jpeg,1
Artlantis/Artlantis_165.jpeg,1
Artlantis/Artlantis_1717.jpeg,1
Artlantis/Artlantis_1475.jpeg,1
Artlantis/Artlantis_352.jpeg,1
Artlantis/Artlantis_1421.jpeg,1
Artlantis/Artlantis_1488.jpeg,1
Artlantis/Artlantis_341.jpeg,1
Artlantis/Artlantis_769.jpeg,1
Artlantis/Artlantis_1579.jpeg,1
Artlantis/Artlantis_181.jpeg,1
Artlantis/Artlantis_1151.jpeg,1
Artlantis/Artlantis_81.jpeg,1
Artlantis/Artlantis_497.jpeg,1
Artlantis/Artlantis_1275.jpeg,1
Artlantis/Artlantis_755.jpeg,1
Artlantis/Artlantis_151.jpeg,1
Artlantis/Artlantis_1792.jpeg,1
Artlantis/Artlantis_387.jpeg,1
Artlantis/Artlantis_797.jpeg,1
Artlantis/Artlantis_1221.jpeg,1
Artlantis/Artlantis_1110.jpeg,1
Artlantis/Artlantis_406.jpeg,1
Artlantis/Artlantis_1156.jpeg,1
Artlantis/Artlantis_1201.jpeg,1
Artlantis/Artlantis_1794.jpeg,1
Artlantis/Artlantis_1313.jpeg,1
Artlantis/Artlantis_149.jpeg,1
Artlantis/Artlantis_985.jpeg,1
Artlantis/Artlantis_1269.jpeg,1
Artlantis/Artlantis_1155.jpeg,1
Artlantis/Artlantis_5.jpeg,1
Artlantis/Artlantis_1189.jpeg,1
Artlantis/Artlantis_440.jpeg,1
Artlantis/Artlantis_1487.jpeg,1
Artlantis/Artlantis_927.jpeg,1
Artlantis/Artlantis_833.jpeg,1
Artlantis/Artlantis_378.jpeg,1
Artlantis/Artlantis_818.jpeg,1
Artlantis/Artlantis_1246.jpeg,1
Artlantis/Artlantis_1231.jpeg,1
Artlantis/Artlantis_521.jpeg,1
Artlantis/Artlantis_1308.png,1
Artlantis/Artlantis_1754.jpeg,1
Artlantis/Artlantis_1136.jpeg,1
Artlantis/Artlantis_1588.jpeg,1
Artlantis/Artlantis_617.jpeg,1
Artlantis/Artlantis_989.jpeg,1
Artlantis/Artlantis_370.jpeg,1
Artlantis/Artlantis_1409.jpeg,1
Artlantis/Artlantis_1602.jpeg,1
Artlantis/Artlantis_1621.jpeg,1
Artlantis/Artlantis_133.jpeg,1
Artlantis/Artlantis_1549.jpeg,1
Artlantis/Artlantis_725.jpeg,1
Artlantis/Artlantis_95.jpeg,1
Artlantis/Artlantis_882.jpeg,1
Artlantis/Artlantis_541.jpeg,1
Artlantis/Artlantis_1036.jpeg,1
Artlantis/Artlantis_125.jpeg,1
Artlantis/Artlantis_180.jpeg,1
Artlantis/Artlantis_1263.jpeg,1
Artlantis/Artlantis_1569.jpeg,1
Artlantis/Artlantis_753.jpeg,1
Artlantis/Artlantis_1417.jpeg,1
Artlantis/Artlantis_1018.jpeg,1
Artlantis/Artlantis_1020.jpeg,1
Artlantis/Artlantis_377.jpeg,1
Artlantis/Artlantis_453.jpeg,1
Artlantis/Artlantis_1548.jpeg,1
Artlantis/Artlantis_335.jpeg,1
Artlantis/Artlantis_1406.jpeg,1
Artlantis/Artlantis_1291.jpeg,1
Artlantis/Artlantis_924.jpeg,1
Artlantis/Artlantis_1426.jpeg,1
Artlantis/Artlantis_332.jpeg,1
Artlantis/Artlantis_899.jpeg,1
Artlantis/Artlantis_656.jpeg,1
Artlantis/Artlantis_1386.jpeg,1
Artlantis/Artlantis_1179.jpeg,1
Artlantis/Artlantis_98.jpeg,1
Artlantis/Artlantis_628.jpeg,1
Artlantis/Artlantis_479.jpeg,1
Artlantis/Artlantis_1081.jpeg,1
Artlantis/Artlantis_386.jpeg,1
Artlantis/Artlantis_443.jpeg,1
Artlantis/Artlantis_1698.jpeg,1
Artlantis/Artlantis_1469.jpeg,1
Artlantis/Artlantis_1510.jpeg,1
Artlantis/Artlantis_1699.jpeg,1
Artlantis/Artlantis_1040.jpeg,1
Artlantis/Artlantis_229.jpeg,1
Artlantis/Artlantis_159.jpeg,1
Artlantis/Artlantis_1247.jpeg,1
Artlantis/Artlantis_869.jpeg,1
Artlantis/Artlantis_164.jpeg,1
Artlantis/Artlantis_538.jpeg,1
Artlantis/Artlantis_1512.jpeg,1
Artlantis/Artlantis_852.jpeg,1
Artlantis/Artlantis_317.jpeg,1
Artlantis/Artlantis_493.jpeg,1
Artlantis/Artlantis_1518.jpeg,1
Artlantis/Artlantis_224.jpeg,1
Artlantis/Artlantis_757.jpeg,1
Artlantis/Artlantis_737.jpeg,1
Artlantis/Artlantis_510.jpeg,1
Artlantis/Artlantis_561.jpeg,1
Artlantis/Artlantis_329.jpeg,1
Artlantis/Artlantis_1459.jpeg,1
Artlantis/Artlantis_1724.jpeg,1
Artlantis/Artlantis_543.jpeg,1
Artlantis/Artlantis_1431.jpeg,1
Artlantis/Artlantis_363.jpeg,1
Artlantis/Artlantis_25.jpeg,1
Artlantis/Artlantis_78.jpeg,1
Artlantis/Artlantis_752.jpeg,1
Artlantis/Artlantis_347.jpeg,1
Artlantis/Artlantis_1077.jpeg,1
Artlantis/Artlantis_621.jpeg,1
Artlantis/Artlantis_1451.jpeg,1
Artlantis/Artlantis_1443.jpeg,1
Artlantis/Artlantis_1267.jpeg,1
Artlantis/Artlantis_1818.jpeg,1
Artlantis/Artlantis_997.jpeg,1
Artlantis/Artlantis_487.jpeg,1
Artlantis/Artlantis_964.jpeg,1
Artlantis/Artlantis_633.jpeg,1
Artlantis/Artlantis_358.jpeg,1
Artlantis/Artlantis_36.jpeg,1
Artlantis/Artlantis_1852.jpeg,1
Artlantis/Artlantis_72.jpeg,1
Artlantis/Artlantis_1188.png,1
Artlantis/Artlantis_1414.jpeg,1
Artlantis/Artlantis_1369.jpeg,1
Artlantis/Artlantis_1283.jpeg,1
Artlantis/Artlantis_305.jpeg,1
Artlantis/Artlantis_1109.jpeg,1
Artlantis/Artlantis_503.jpeg,1
Artlantis/Artlantis_1001.jpeg,1
Artlantis/Artlantis_1359.jpeg,1
Artlantis/Artlantis_1225.jpeg,1
Artlantis/Artlantis_699.jpeg,1
Artlantis/Artlantis_723.jpeg,1
Artlantis/Artlantis_281.jpeg,1
Artlantis/Artlantis_1650.jpeg,1
Artlantis/Artlantis_401.jpeg,1
Artlantis/Artlantis_1281.jpeg,1
Artlantis/Artlantis_409.jpeg,1
Artlantis/Artlantis_634.jpeg,1
Artlantis/Artlantis_454.jpeg,1
Artlantis/Artlantis_266.jpeg,1
Artlantis/Artlantis_196.jpeg,1
Artlantis/Artlantis_351.jpeg,1
Artlantis/Artlantis_277.jpeg,1
Artlantis/Artlantis_480.jpeg,1
Artlantis/Artlantis_321.jpeg,1
Artlantis/Artlantis_777.jpeg,1
Artlantis/Artlantis_990.jpeg,1
Artlantis/Artlantis_1788.jpeg,1
Artlantis/Artlantis_1056.jpeg,1
Artlantis/Artlantis_958.jpeg,1
Artlantis/Artlantis_1365.jpeg,1
Artlantis/Artlantis_732.jpeg,1
Artlantis/Artlantis_1026.jpeg,1
Artlantis/Artlantis_61.jpeg,1
Artlantis/Artlantis_821.jpeg,1
Artlantis/Artlantis_1323.jpeg,1
Artlantis/Artlantis_276.jpeg,1
Artlantis/Artlantis_40.jpeg,1
Artlantis/Artlantis_1554.jpeg,1
Artlantis/Artlantis_425.jpeg,1
Artlantis/Artlantis_73.jpeg,1
Artlantis/Artlantis_298.jpeg,1
Artlantis/Artlantis_1830.jpeg,1
Artlantis/Artlantis_864.jpeg,1
Artlantis/Artlantis_1033.jpeg,1
Artlantis/Artlantis_1393.jpeg,1
Artlantis/Artlantis_1651.jpeg,1
Artlantis/Artlantis_1874.jpeg,1
Artlantis/Artlantis_706.jpeg,1
Artlantis/Artlantis_1050.jpeg,1
Artlantis/Artlantis_441.png,1
Artlantis/Artlantis_58.jpeg,1
Artlantis/Artlantis_1140.jpeg,1
Artlantis/Artlantis_398.jpeg,1
Artlantis/Artlantis_881.jpeg,1
Artlantis/Artlantis_1175.jpeg,1
Artlantis/Artlantis_926.jpeg,1
Artlantis/Artlantis_1506.jpeg,1
Artlantis/Artlantis_534.jpeg,1
Artlantis/Artlantis_1112.jpeg,1
Artlantis/Artlantis_381.jpeg,1
Artlantis/Artlantis_1230.jpeg,1
Artlantis/Artlantis_1560.jpeg,1
Artlantis/Artlantis_705.jpeg,1
Artlantis/Artlantis_920.jpeg,1
Artlantis/Artlantis_1203.jpeg,1
Artlantis/Artlantis_79.jpeg,1
Artlantis/Artlantis_1172.jpeg,1
Artlantis/Artlantis_1749.jpeg,1
Artlantis/Artlantis_810.jpeg,1
Artlantis/Artlantis_391.jpeg,1
Artlantis/Artlantis_1345.jpeg,1
Artlantis/Artlantis_632.jpeg,1
Artlantis/Artlantis_754.jpeg,1
Artlantis/Artlantis_805.jpeg,1
Artlantis/Artlantis_1320.jpeg,1
Artlantis/Artlantis_1681.jpeg,1
Artlantis/Artlantis_639.jpeg,1
Artlantis/Artlantis_831.jpeg,1
Artlantis/Artlantis_524.jpeg,1
Artlantis/Artlantis_1217.jpeg,1
Artlantis/Artlantis_459.jpeg,1
Artlantis/Artlantis_1714.jpeg,1
Artlantis/Artlantis_1434.jpeg,1
Artlantis/Artlantis_671.jpeg,1
Artlantis/Artlantis_1606.jpeg,1
Artlantis/Artlantis_399.jpeg,1
Artlantis/Artlantis_993.jpeg,1
Artlantis/Artlantis_1087.jpeg,1
Artlantis/Artlantis_1600.jpeg,1
Artlantis/Artlantis_930.jpeg,1
Artlantis/Artlantis_1013.jpeg,1
Artlantis/Artlantis_862.jpeg,1
Artlantis/Artlantis_96.jpeg,1
Artlantis/Artlantis_1796.jpeg,1
Artlantis/Artlantis_1139.jpeg,1
Artlantis/Artlantis_1411.jpeg,1
Artlantis/Artlantis_846.jpeg,1
Artlantis/Artlantis_1280.jpeg,1
Artlantis/Artlantis_640.jpeg,1
Artlantis/Artlantis_214.jpeg,1
Artlantis/Artlantis_907.jpeg,1
Artlantis/Artlantis_38.jpeg,1
Artlantis/Artlantis_1278.jpeg,1
Artlantis/Artlantis_271.jpeg,1
Artlantis/Artlantis_915.jpeg,1
Artlantis/Artlantis_264.jpeg,1
Artlantis/Artlantis_680.jpeg,1
Artlantis/Artlantis_674.jpeg,1
Artlantis/Artlantis_1303.jpeg,1
Artlantis/Artlantis_697.jpeg,1
Artlantis/Artlantis_652.jpeg,1
Artlantis/Artlantis_784.jpeg,1
Artlantis/Artlantis_107.jpeg,1
Artlantis/Artlantis_1616.jpeg,1
Artlantis/Artlantis_1186.jpeg,1
Artlantis/Artlantis_208.jpeg,1
Artlantis/Artlantis_600.jpeg,1
Artlantis/Artlantis_849.jpeg,1
Artlantis/Artlantis_1492.jpeg,1
Artlantis/Artlantis_226.jpeg,1
Artlantis/Artlantis_580.jpeg,1
Artlantis/Artlantis_148.jpeg,1
Artlantis/Artlantis_477.jpeg,1
Artlantis/Artlantis_167.jpeg,1
Artlantis/Artlantis_1564.jpeg,1
Artlantis/Artlantis_424.jpeg,1
Artlantis/Artlantis_980.jpeg,1
Artlantis/Artlantis_339.jpeg,1
Artlantis/Artlantis_589.jpeg,1
Artlantis/Artlantis_910.jpeg,1
Artlantis/Artlantis_982.jpeg,1
Artlantis/Artlantis_1309.jpeg,1
Artlantis/Artlantis_955.jpeg,1
Artlantis/Artlantis_1498.jpeg,1
Artlantis/Artlantis_1385.jpeg,1
Artlantis/Artlantis_1638.jpeg,1
Artlantis/Artlantis_373.jpeg,1
Artlantis/Artlantis_720.jpeg,1
Artlantis/Artlantis_636.jpeg,1
Artlantis/Artlantis_1535.jpeg,1
Artlantis/Artlantis_188.jpeg,1
Artlantis/Artlantis_1241.jpeg,1
Artlantis/Artlantis_375.jpeg,1
Artlantis/Artlantis_1311.jpeg,1
Artlantis/Artlantis_1771.jpeg,1
Artlantis/Artlantis_1074.jpeg,1
Artlantis/Artlantis_783.jpeg,1
Artlantis/Artlantis_166.jpeg,1
Artlantis/Artlantis_1744.jpeg,1
Artlantis/Artlantis_735.jpeg,1
Artlantis/Artlantis_1398.png,1
Artlantis/Artlantis_1262.jpeg,1
Artlantis/Artlantis_1568.jpeg,1
Artlantis/Artlantis_648.jpeg,1
Artlantis/Artlantis_533.jpeg,1
Artlantis/Artlantis_843.jpeg,1
Artlantis/Artlantis_309.jpeg,1
Artlantis/Artlantis_525.jpeg,1
Artlantis/Artlantis_1054.jpeg,1
Artlantis/Artlantis_878.jpeg,1
Artlantis/Artlantis_774.jpeg,1
Artlantis/Artlantis_1089.jpeg,1
Artlantis/Artlantis_260.jpeg,1
Artlantis/Artlantis_301.jpeg,1
Artlantis/Artlantis_1539.jpeg,1
Artlantis/Artlantis_1294.jpeg,1
Artlantis/Artlantis_1806.jpeg,1
Artlantis/Artlantis_279.jpeg,1
Artlantis/Artlantis_1659.jpeg,1
Artlantis/Artlantis_819.jpeg,1
Artlantis/Artlantis_766.jpeg,1
Artlantis/Artlantis_891.jpeg,1
Artlantis/Artlantis_210.jpeg,1
Artlantis/Artlantis_1259.png,1
Artlantis/Artlantis_700.jpeg,1
Artlantis/Artlantis_562.jpeg,1
Artlantis/Artlantis_1515.jpeg,1
Artlantis/Artlantis_906.jpeg,1
Artlantis/Artlantis_1834.jpeg,1
Artlantis/Artlantis_1471.jpeg,1
Artlantis/Artlantis_221.jpeg,1
Artlantis/Artlantis_1298.jpeg,1
Artlantis/Artlantis_304.jpeg,1
Artlantis/Artlantis_1012.jpeg,1
Artlantis/Artlantis_858.png,1
Artlantis/Artlantis_1182.jpeg,1
Artlantis/Artlantis_1536.jpeg,1
Artlantis/Artlantis_1831.jpeg,1
Artlantis/Artlantis_111.jpeg,1
Artlantis/Artlantis_1609.jpeg,1
Artlantis/Artlantis_256.jpeg,1
Artlantis/Artlantis_52.jpeg,1
Artlantis/Artlantis_1332.jpeg,1
Artlantis/Artlantis_604.jpeg,1
Artlantis/Artlantis_1130.jpeg,1
Artlantis/Artlantis_650.jpeg,1
Artlantis/Artlantis_554.jpeg,1
Artlantis/Artlantis_972.jpeg,1
Artlantis/Artlantis_468.jpeg,1
Artlantis/Artlantis_486.jpeg,1
Artlantis/Artlantis_793.jpeg,1
Artlantis/Artlantis_1858.jpeg,1
Artlantis/Artlantis_531.jpeg,1
Artlantis/Artlantis_1344.jpeg,1
Artlantis/Artlantis_413.jpeg,1
Artlantis/Artlantis_801.jpeg,1
Artlantis/Artlantis_57.jpeg,1
Artlantis/Artlantis_1296.jpeg,1
Artlantis/Artlantis_144.jpeg,1
Artlantis/Artlantis_1354.jpeg,1
Artlantis/Artlantis_1871.jpeg,1
Artlantis/Artlantis_584.jpeg,1
Artlantis/Artlantis_606.jpeg,1
Artlantis/Artlantis_1719.jpeg,1
Artlantis/Artlantis_1330.jpeg,1
Artlantis/Artlantis_588.jpeg,1
Artlantis/Artlantis_672.jpeg,1
Artlantis/Artlantis_733.jpeg,1
Artlantis/Artlantis_937.jpeg,1
Artlantis/Artlantis_1802.jpeg,1
Artlantis/Artlantis_194.jpeg,1
Artlantis/Artlantis_1240.jpeg,1
Artlantis/Artlantis_161.jpeg,1
Artlantis/Artlantis_1607.jpeg,1
Artlantis/Artlantis_1412.jpeg,1
Artlantis/Artlantis_334.jpeg,1
Artlantis/Artlantis_942.jpeg,1
Artlantis/Artlantis_827.jpeg,1
Artlantis/Artlantis_1101.jpeg,1
Artlantis/Artlantis_1635.jpeg,1
Artlantis/Artlantis_1660.jpeg,1
Artlantis/Artlantis_1766.jpeg,1
Artlantis/Artlantis_1029.jpeg,1
Artlantis/Artlantis_1324.jpeg,1
Artlantis/Artlantis_1676.jpeg,1
Artlantis/Artlantis_1391.jpeg,1
Artlantis/Artlantis_17.jpeg,1
Artlantis/Artlantis_1383.jpeg,1
Artlantis/Artlantis_509.jpeg,1
Artlantis/Artlantis_183.jpeg,1
Artlantis/Artlantis_546.jpeg,1
Artlantis/Artlantis_1224.jpeg,1
Artlantis/Artlantis_1031.jpeg,1
Artlantis/Artlantis_1208.jpeg,1
Artlantis/Artlantis_1160.jpeg,1
Artlantis/Artlantis_101.jpeg,1
Artlantis/Artlantis_1570.jpeg,1
Artlantis/Artlantis_175.jpeg,1
Artlantis/Artlantis_1349.jpeg,1
Artlantis/Artlantis_1435.jpeg,1
Artlantis/Artlantis_796.jpeg,1
Artlantis/Artlantis_1567.jpeg,1
Artlantis/Artlantis_92.jpeg,1
Artlantis/Artlantis_1503.png,1
Artlantis/Artlantis_324.jpeg,1
Artlantis/Artlantis_1071.jpeg,1
Artlantis/Artlantis_150.jpeg,1
Artlantis/Artlantis_154.jpeg,1
Artlantis/Artlantis_1439.jpeg,1
Artlantis/Artlantis_623.jpeg,1
Artlantis/Artlantis_602.jpeg,1
Artlantis/Artlantis_1572.jpeg,1
Artlantis/Artlantis_388.jpeg,1
Artlantis/Artlantis_1256.jpeg,1
Artlantis/Artlantis_1388.jpeg,1
Artlantis/Artlantis_1124.jpeg,1
Artlantis/Artlantis_1841.jpeg,1
Artlantis/Artlantis_889.jpeg,1
Artlantis/Artlantis_963.jpeg,1
Artlantis/Artlantis_1526.jpeg,1
Artlantis/Artlantis_1015.jpeg,1
Artlantis/Artlantis_1067.jpeg,1
Artlantis/Artlantis_959.jpeg,1
Artlantis/Artlantis_1625.jpeg,1
Artlantis/Artlantis_1064.jpeg,1
Artlantis/Artlantis_1559.jpeg,1
Artlantis/Artlantis_1378.jpeg,1
Artlantis/Artlantis_240.jpeg,1
Artlantis/Artlantis_1447.jpeg,1
Artlantis/Artlantis_1805.jpeg,1
Artlantis/Artlantis_328.jpeg,1
Artlantis/Artlantis_943.jpeg,1
Artlantis/Artlantis_431.jpeg,1
Artlantis/Artlantis_261.jpeg,1
Artlantis/Artlantis_1357.jpeg,1
Artlantis/Artlantis_507.jpeg,1
Artlantis/Artlantis_1643.jpeg,1
Artlantis/Artlantis_1706.jpeg,1
Artlantis/Artlantis_612.jpeg,1
Artlantis/Artlantis_145.jpeg,1
Artlantis/Artlantis_704.jpeg,1
Artlantis/Artlantis_1525.jpeg,1
Artlantis/Artlantis_711.jpeg,1
Artlantis/Artlantis_403.jpeg,1
Artlantis/Artlantis_549.jpeg,1
Artlantis/Artlantis_973.jpeg,1
Artlantis/Artlantis_1485.jpeg,1
Artlantis/Artlantis_1667.jpeg,1
Artlantis/Artlantis_123.jpeg,1
Artlantis/Artlantis_837.jpeg,1
Artlantis/Artlantis_1103.jpeg,1
Artlantis/Artlantis_1163.jpeg,1
Artlantis/Artlantis_489.jpeg,1
Artlantis/Artlantis_319.jpeg,1
Artlantis/Artlantis_1158.jpeg,1
Artlantis/Artlantis_806.jpeg,1
Artlantis/Artlantis_1528.jpeg,1
Artlantis/Artlantis_1279.jpeg,1
Artlantis/Artlantis_1403.jpeg,1
Artlantis/Artlantis_688.jpeg,1
Artlantis/Artlantis_717.jpeg,1
Artlantis/Artlantis_421.jpeg,1
Artlantis/Artlantis_745.jpeg,1
Artlantis/Artlantis_1059.jpeg,1
Artlantis/Artlantis_1645.jpeg,1
Artlantis/Artlantis_27.jpeg,1
Artlantis/Artlantis_595.jpeg,1
Artlantis/Artlantis_1149.jpeg,1
Artlantis/Artlantis_190.jpeg,1
Artlantis/Artlantis_1211.jpeg,1
Artlantis/Artlantis_936.jpeg,1
Artlantis/Artlantis_136.jpeg,1
Artlantis/Artlantis_642.jpeg,1
Artlantis/Artlantis_237.jpeg,1
Artlantis/Artlantis_807.jpeg,1
Artlantis/Artlantis_758.jpeg,1
Artlantis/Artlantis_1245.jpeg,1
Artlantis/Artlantis_1362.jpeg,1
Artlantis/Artlantis_1168.jpeg,1
Artlantis/Artlantis_513.jpeg,1
Artlantis/Artlantis_263.jpeg,1
Artlantis/Artlantis_1480.jpeg,1
Artlantis/Artlantis_117.jpeg,1
Artlantis/Artlantis_0.jpeg,1
Artlantis/Artlantis_1113.jpeg,1
Artlantis/Artlantis_1144.jpeg,1
Artlantis/Artlantis_883.jpeg,1
Artlantis/Artlantis_1578.jpeg,1
Artlantis/Artlantis_215.jpeg,1
Artlantis/Artlantis_1314.jpeg,1
Artlantis/Artlantis_566.jpeg,1
Artlantis/Artlantis_442.jpeg,1
Artlantis/Artlantis_1187.jpeg,1
Artlantis/Artlantis_776.jpeg,1
Artlantis/Artlantis_360.jpeg,1
Artlantis/Artlantis_1657.jpeg,1
Artlantis/Artlantis_750.jpeg,1
Artlantis/Artlantis_213.jpeg,1
Artlantis/Artlantis_556.jpeg,1
Artlantis/Artlantis_1847.jpeg,1
Artlantis/Artlantis_1215.jpeg,1
Artlantis/Artlantis_152.jpeg,1
Artlantis/Artlantis_523.jpeg,1
Artlantis/Artlantis_1204.jpeg,1
Artlantis/Artlantis_874.jpeg,1
Artlantis/Artlantis_216.jpeg,1
Artlantis/Artlantis_551.jpeg,1
Artlantis/Artlantis_1613.jpeg,1
Artlantis/Artlantis_1780.jpeg,1
Artlantis/Artlantis_1333.jpeg,1
Artlantis/Artlantis_1827.jpeg,1
Artlantis/Artlantis_10.jpeg,1
Artlantis/Artlantis_1361.jpeg,1
Artlantis/Artlantis_1656.jpeg,1
Artlantis/Artlantis_1028.jpeg,1
Artlantis/Artlantis_884.jpeg,1
Artlantis/Artlantis_570.jpeg,1
Artlantis/Artlantis_702.jpeg,1
Artlantis/Artlantis_1084.jpeg,1
Artlantis/Artlantis_1148.jpeg,1
Artlantis/Artlantis_1002.jpeg,1
Artlantis/Artlantis_1229.jpeg,1
Artlantis/Artlantis_1407.jpeg,1
Artlantis/Artlantis_951.jpeg,1
Artlantis/Artlantis_169.jpeg,1
Artlantis/Artlantis_500.jpeg,1
Artlantis/Artlantis_625.jpeg,1
Artlantis/Artlantis_1044.jpeg,1
Artlantis/Artlantis_434.jpeg,1
Artlantis/Artlantis_582.jpeg,1
Artlantis/Artlantis_1289.jpeg,1
Artlantis/Artlantis_1234.jpeg,1
Artlantis/Artlantis_809.jpeg,1
Artlantis/Artlantis_1456.jpeg,1
Artlantis/Artlantis_1424.jpeg,1
Artlantis/Artlantis_1287.jpeg,1
Artlantis/Artlantis_287.jpeg,1
Artlantis/Artlantis_1618.jpeg,1
Artlantis/Artlantis_1209.jpeg,1
Artlantis/Artlantis_41.jpeg,1
Artlantis/Artlantis_1223.jpeg,1
Artlantis/Artlantis_1711.jpeg,1
Artlantis/Artlantis_465.jpeg,1
Artlantis/Artlantis_372.jpeg,1
Artlantis/Artlantis_1773.jpeg,1
Artlantis/Artlantis_994.jpeg,1
Artlantis/Artlantis_961.jpeg,1
Artlantis/Artlantis_1402.jpeg,1
Artlantis/Artlantis_530.jpeg,1
Artlantis/Artlantis_209.jpeg,1
Artlantis/Artlantis_1705.jpeg,1
Artlantis/Artlantis_1463.jpeg,1
Artlantis/Artlantis_1777.jpeg,1
Artlantis/Artlantis_157.jpeg,1
Artlantis/Artlantis_1437.jpeg,1
Artlantis/Artlantis_923.jpeg,1
Artlantis/Artlantis_553.jpeg,1
Artlantis/Artlantis_1455.jpeg,1
Artlantis/Artlantis_511.jpeg,1
Artlantis/Artlantis_364.jpeg,1
Artlantis/Artlantis_1042.jpeg,1
Artlantis/Artlantis_597.jpeg,1
Artlantis/Artlantis_172.jpeg,1
Artlantis/Artlantis_22.jpeg,1
Artlantis/Artlantis_147.jpeg,1
Artlantis/Artlantis_970.jpeg,1
Artlantis/Artlantis_1787.jpeg,1
Artlantis/Artlantis_1462.jpeg,1
Artlantis/Artlantis_1691.jpeg,1
Artlantis/Artlantis_1227.jpeg,1
Artlantis/Artlantis_1117.jpeg,1
Artlantis/Artlantis_945.jpeg,1
Artlantis/Artlantis_128.jpeg,1
Artlantis/Artlantis_1132.jpeg,1
Artlantis/Artlantis_1238.jpeg,1
Artlantis/Artlantis_1759.jpeg,1
Artlantis/Artlantis_1125.jpeg,1
Artlantis/Artlantis_842.jpeg,1
Artlantis/Artlantis_499.jpeg,1
Artlantis/Artlantis_1693.jpeg,1
Artlantis/Artlantis_402.jpeg,1
Artlantis/Artlantis_1494.jpeg,1
Artlantis/Artlantis_397.jpeg,1
Artlantis/Artlantis_1022.jpeg,1
Artlantis/Artlantis_1753.jpeg,1
Artlantis/Artlantis_168.jpeg,1
Artlantis/Artlantis_669.jpeg,1
Artlantis/Artlantis_1019.jpeg,1
Artlantis/Artlantis_800.jpeg,1
Artlantis/Artlantis_974.jpeg,1
Artlantis/Artlantis_1655.jpeg,1
Artlantis/Artlantis_1484.jpeg,1
Artlantis/Artlantis_416.jpeg,1
Artlantis/Artlantis_613.jpeg,1
Artlantis/Artlantis_1586.jpeg,1
Artlantis/Artlantis_1838.jpeg,1
Artlantis/Artlantis_1356.jpeg,1
Artlantis/Artlantis_238.jpeg,1
Artlantis/Artlantis_389.jpeg,1
Artlantis/Artlantis_726.jpeg,1
Artlantis/Artlantis_938.jpeg,1
Artlantis/Artlantis_983.jpeg,1
Artlantis/Artlantis_1523.jpeg,1
Artlantis/Artlantis_508.jpeg,1
Artlantis/Artlantis_532.jpeg,1
Artlantis/Artlantis_730.jpeg,1
Artlantis/Artlantis_1628.jpeg,1
Artlantis/Artlantis_126.jpeg,1
Artlantis/Artlantis_1255.jpeg,1
Artlantis/Artlantis_504.jpeg,1
Artlantis/Artlantis_311.jpeg,1
Artlantis/Artlantis_1445.jpeg,1
Artlantis/Artlantis_786.jpeg,1
Artlantis/Artlantis_1025.jpeg,1
Artlantis/Artlantis_86.jpeg,1
Artlantis/Artlantis_1305.jpeg,1
Artlantis/Artlantis_290.jpeg,1
Artlantis/Artlantis_1779.jpeg,1
Artlantis/Artlantis_1859.jpeg,1
Artlantis/Artlantis_1464.jpeg,1
Artlantis/Artlantis_1662.jpeg,1
Artlantis/Artlantis_675.jpeg,1
Artlantis/Artlantis_464.jpeg,1
Artlantis/Artlantis_65.jpeg,1
Artlantis/Artlantis_802.jpeg,1
Artlantis/Artlantis_1250.jpeg,1
Artlantis/Artlantis_1057.jpeg,1
Artlantis/Artlantis_1372.jpeg,1
Artlantis/Artlantis_449.jpeg,1
Artlantis/Artlantis_627.jpeg,1
Artlantis/Artlantis_1850.jpeg,1
Artlantis/Artlantis_1146.jpeg,1
Artlantis/Artlantis_1839.jpeg,1
Artlantis/Artlantis_683.jpeg,1
Artlantis/Artlantis_1379.jpeg,1
Artlantis/Artlantis_788.jpeg,1
Corona/Corona_551.jpg,2
Corona/Corona_1402.jpg,2
Corona/Corona_197.jpg,2
Corona/Corona_310.jpg,2
Corona/Corona_1087.jpg,2
Corona/Corona_1.jpg,2
Corona/Corona_657.jpg,2
Corona/Corona_1218.jpg,2
Corona/Corona_959.jpg,2
Corona/Corona_1463.jpg,2
Corona/Corona_345.jpg,2
Corona/Corona_1558.jpg,2
Corona/Corona_1545.jpg,2
Corona/Corona_1167.jpg,2
Corona/Corona_1398.jpg,2
Corona/Corona_677.jpg,2
Corona/Corona_274.jpg,2
Corona/Corona_594.jpg,2
Corona/Corona_961.jpg,2
Corona/Corona_1112.jpg,2
Corona/Corona_1399.jpg,2
Corona/Corona_23.jpg,2
Corona/Corona_479.jpg,2
Corona/Corona_601.jpg,2
Corona/Corona_140.jpg,2
Corona/Corona_1103.jpg,2
Corona/Corona_230.jpg,2
Corona/Corona_455.png,2
Corona/Corona_1452.jpg,2
Corona/Corona_918.jpg,2
Corona/Corona_491.jpg,2
Corona/Corona_1127.jpg,2
Corona/Corona_71.jpg,2
Corona/Corona_68.jpg,2
Corona/Corona_428.jpg,2
Corona/Corona_549.jpg,2
Corona/Corona_353.jpg,2
Corona/Corona_460.jpg,2
Corona/Corona_189.jpg,2
Corona/Corona_603.jpg,2
Corona/Corona_1039.jpg,2
Corona/Corona_1567.jpg,2
Corona/Corona_42.jpg,2
Corona/Corona_55.jpg,2
Corona/Corona_654.jpg,2
Corona/Corona_890.jpg,2
Corona/Corona_225.jpg,2
Corona/Corona_363.jpg,2
Corona/Corona_876.jpg,2
Corona/Corona_1043.jpg,2
Corona/Corona_550.jpg,2
Corona/Corona_35.jpg,2
Corona/Corona_580.jpg,2
Corona/Corona_706.jpg,2
Corona/Corona_1400.jpg,2
Corona/Corona_1556.jpg,2
Corona/Corona_64.jpg,2
Corona/Corona_1297.jpg,2
Corona/Corona_1541.jpg,2
Corona/Corona_462.jpg,2
Corona/Corona_175.jpg,2
Corona/Corona_957.jpg,2
Corona/Corona_544.jpg,2
Corona/Corona_338.png,2
Corona/Corona_437.jpg,2
Corona/Corona_459.jpg,2
Corona/Corona_1338.jpg,2
Corona/Corona_446.jpg,2
Corona/Corona_564.jpg,2
Corona/Corona_253.jpg,2
Corona/Corona_15.jpg,2
Corona/Corona_150.png,2
Corona/Corona_183.jpg,2
Corona/Corona_434.jpg,2
Corona/Corona_483.jpg,2
Corona/Corona_1557.jpg,2
Corona/Corona_1486.jpg,2
Corona/Corona_535.jpg,2
Corona/Corona_308.jpg,2
Corona/Corona_98.jpg,2
Corona/Corona_536.jpg,2
Corona/Corona_360.jpg,2
Corona/Corona_27.jpg,2
Corona/Corona_422.jpg,2
Corona/Corona_1564.jpg,2
Corona/Corona_509.jpg,2
Corona/Corona_1325.jpg,2
Corona/Corona_616.jpg,2
Corona/Corona_1421.jpg,2
Corona/Corona_400.jpg,2
Corona/Corona_1276.jpg,2
Corona/Corona_1462.jpg,2
Corona/Corona_1587.jpg,2
Corona/Corona_271.jpg,2
Corona/Corona_689.jpg,2
Corona/Corona_1468.jpg,2
Corona/Corona_159.jpg,2
Corona/Corona_167.jpg,2
Corona/Corona_1035.jpg,2
Corona/Corona_203.jpg,2
Corona/Corona_632.jpg,2
Corona/Corona_128.jpg,2
Corona/Corona_1428.jpg,2
Corona/Corona_774.jpg,2
Corona/Corona_712.jpg,2
Corona/Corona_368.jpg,2
Corona/Corona_1499.jpg,2
Corona/Corona_1345.jpg,2
Corona/Corona_1410.jpg,2
Corona/Corona_388.jpg,2
Corona/Corona_124.jpg,2
Corona/Corona_219.jpg,2
Corona/Corona_188.jpg,2
Corona/Corona_532.jpg,2
Corona/Corona_682.jpg,2
Corona/Corona_453.jpg,2
Corona/Corona_473.jpg,2
Corona/Corona_567.jpg,2
Corona/Corona_732.jpg,2
Corona/Corona_1093.jpg,2
Corona/Corona_615.jpg,2
Corona/Corona_582.jpg,2
Corona/Corona_480.jpg,2
Corona/Corona_332.jpg,2
Corona/Corona_1411.jpg,2
Corona/Corona_1505.jpg,2
Corona/Corona_137.jpg,2
Corona/Corona_620.jpg,2
Corona/Corona_173.jpg,2
Corona/Corona_563.jpg,2
Corona/Corona_514.jpg,2
Corona/Corona_193.jpg,2
Corona/Corona_125.jpg,2
Corona/Corona_1461.jpg,2
Corona/Corona_384.jpg,2
Corona/Corona_355.jpg,2
Corona/Corona_1207.jpg,2
Corona/Corona_1480.jpg,2
Corona/Corona_450.jpg,2
Corona/Corona_917.jpg,2
Corona/Corona_895.jpg,2
Corona/Corona_1379.jpg,2
Corona/Corona_650.jpg,2
Corona/Corona_1172.jpg,2
Corona/Corona_716.jpg,2
Corona/Corona_6.jpg,2
Corona/Corona_678.jpg,2
Corona/Corona_585.jpg,2
Corona/Corona_623.jpg,2
Corona/Corona_41.jpg,2
Corona/Corona_144.jpg,2
Corona/Corona_58.jpg,2
Corona/Corona_218.jpg,2
Corona/Corona_1048.jpg,2
Corona/Corona_350.jpg,2
Corona/Corona_1169.jpg,2
Corona/Corona_59.jpg,2
Corona/Corona_449.jpg,2
Corona/Corona_235.jpg,2
Corona/Corona_131.jpg,2
Corona/Corona_1434.jpg,2
Corona/Corona_192.jpg,2
Corona/Corona_1550.jpg,2
Corona/Corona_511.jpg,2
Corona/Corona_1133.jpg,2
Corona/Corona_626.jpg,2
Corona/Corona_171.jpg,2
Corona/Corona_478.jpg,2
Corona/Corona_1447.jpg,2
Corona/Corona_366.jpg,2
Corona/Corona_282.png,2
Corona/Corona_631.jpg,2
Corona/Corona_107.jpg,2
Corona/Corona_378.jpg,2
Corona/Corona_687.jpg,2
Corona/Corona_259.jpg,2
Corona/Corona_865.jpg,2
Corona/Corona_289.jpg,2
Corona/Corona_458.jpg,2
Corona/Corona_1318.jpg,2
Corona/Corona_921.jpg,2
Corona/Corona_547.jpg,2
Corona/Corona_792.jpg,2
Corona/Corona_1129.jpg,2
Corona/Corona_80.jpg,2
Corona/Corona_417.jpg,2
Corona/Corona_1265.jpg,2
Corona/Corona_39.jpg,2
Corona/Corona_724.jpg,2
Corona/Corona_1001.jpg,2
Corona/Corona_1196.jpg,2
Corona/Corona_14.png,2
Corona/Corona_410.jpg,2
Corona/Corona_1393.jpg,2
Corona/Corona_707.jpg,2
Corona/Corona_1497.jpg,2
Corona/Corona_972.jpg,2
Corona/Corona_1528.jpg,2
Corona/Corona_1208.jpg,2
Corona/Corona_1154.jpg,2
Corona/Corona_493.jpg,2
Corona/Corona_988.jpg,2
Corona/Corona_1040.jpg,2
Corona/Corona_22.jpg,2
Corona/Corona_135.jpg,2
Corona/Corona_60.jpg,2
Corona/Corona_102.jpg,2
Corona/Corona_200.jpg,2
Corona/Corona_1542.jpg,2
Corona/Corona_471.jpg,2
Corona/Corona_1066.jpg,2
Corona/Corona_1482.jpg,2
Corona/Corona_101.jpg,2
Corona/Corona_596.jpg,2
Corona/Corona_1003.jpg,2
Corona/Corona_565.jpg,2
Corona/Corona_160.jpg,2
Corona/Corona_517.jpg,2
Corona/Corona_1365.jpg,2
Corona/Corona_432.jpg,2
Corona/Corona_1369.jpg,2
Corona/Corona_516.jpg,2
Corona/Corona_909.jpg,2
Corona/Corona_374.jpg,2
Corona/Corona_1000.jpg,2
Corona/Corona_1015.jpg,2
Corona/Corona_141.jpg,2
Corona/Corona_383.jpg,2
Corona/Corona_513.jpg,2
Corona/Corona_358.jpg,2
Corona/Corona_1038.jpg,2
Corona/Corona_1419.jpg,2
Corona/Corona_356.jpg,2
Corona/Corona_1559.jpg,2
Corona/Corona_268.jpg,2
Corona/Corona_1100.jpg,2
Corona/Corona_244.jpg,2
Corona/Corona_1443.jpg,2
Corona/Corona_452.jpg,2
Corona/Corona_1317.jpg,2
Corona/Corona_25.jpg,2
Corona/Corona_438.jpg,2
Corona/Corona_663.jpg,2
Corona/Corona_0.jpg,2
Corona/Corona_629.jpg,2
Corona/Corona_1386.jpg,2
Corona/Corona_557.jpg,2
Corona/Corona_73.jpg,2
Corona/Corona_1412.jpg,2
Corona/Corona_320.jpg,2
Corona/Corona_174.jpg,2
Corona/Corona_978.jpg,2
Corona/Corona_530.jpg,2
Corona/Corona_108.jpg,2
Corona/Corona_395.jpg,2
Corona/Corona_1375.jpg,2
Corona/Corona_1479.jpg,2
Corona/Corona_1523.jpg,2
Corona/Corona_260.jpg,2
Corona/Corona_1382.jpg,2
Corona/Corona_761.jpg,2
Corona/Corona_457.jpg,2
Corona/Corona_510.jpg,2
Corona/Corona_1199.jpg,2
Corona/Corona_334.jpg,2
Corona/Corona_692.jpg,2
Corona/Corona_1525.jpg,2
Corona/Corona_696.jpg,2
Corona/Corona_1072.jpg,2
Corona/Corona_1067.jpg,2
Corona/Corona_681.jpg,2
Corona/Corona_1427.jpg,2
Corona/Corona_950.jpg,2
Corona/Corona_394.jpg,2
Corona/Corona_103.jpg,2
Corona/Corona_10.jpg,2
Corona/Corona_348.jpg,2
Corona/Corona_158.jpg,2
Corona/Corona_885.jpg,2
Corona/Corona_905.jpg,2
Corona/Corona_1306.jpg,2
Corona/Corona_1007.jpg,2
Corona/Corona_1442.jpg,2
Corona/Corona_1574.jpg,2
Corona/Corona_406.jpg,2
Corona/Corona_1153.jpg,2
Corona/Corona_367.jpg,2
Corona/Corona_570.jpg,2
Corona/Corona_579.jpg,2
Corona/Corona_1374.jpg,2
Corona/Corona_651.jpg,2
Corona/Corona_728.jpg,2
Corona/Corona_280.jpg,2
Corona/Corona_217.jpg,2
Corona/Corona_569.jpg,2
Corona/Corona_74.jpg,2
Corona/Corona_474.jpg,2
Corona/Corona_646.jpg,2
Corona/Corona_1334.jpg,2
Corona/Corona_172.jpg,2
Corona/Corona_70.jpg,2
Corona/Corona_392.jpg,2
Corona/Corona_385.jpg,2
Corona/Corona_1514.jpg,2
Corona/Corona_955.jpg,2
Corona/Corona_256.jpg,2
Corona/Corona_413.jpg,2
Corona/Corona_1012.jpg,2
Corona/Corona_1492.jpg,2
Corona/Corona_287.jpg,2
Corona/Corona_440.jpg,2
Corona/Corona_608.jpg,2
Corona/Corona_496.jpg,2
Corona/Corona_1044.jpg,2
Corona/Corona_568.jpg,2
Corona/Corona_76.jpg,2
Corona/Corona_122.jpg,2
Corona/Corona_622.jpg,2
Corona/Corona_674.jpg,2
Corona/Corona_114.jpg,2
Corona/Corona_489.jpg,2
Corona/Corona_341.jpg,2
Corona/Corona_617.jpg,2
Corona/Corona_1013.jpg,2
Corona/Corona_21.jpg,2
Corona/Corona_306.jpg,2
Corona/Corona_501.jpg,2
Corona/Corona_1026.jpg,2
Corona/Corona_163.jpg,2
Corona/Corona_436.jpg,2
Corona/Corona_490.jpg,2
Corona/Corona_357.jpg,2
Corona/Corona_715.jpg,2
Corona/Corona_1028.jpg,2
Corona/Corona_407.jpg,2
Corona/Corona_1240.jpg,2
Corona/Corona_894.jpg,2
Corona/Corona_149.jpg,2
Corona/Corona_18.jpg,2
Corona/Corona_371.jpg,2
Corona/Corona_1366.jpg,2
Corona/Corona_586.jpg,2
Corona/Corona_1477.jpg,2
Corona/Corona_89.jpg,2
Corona/Corona_38.jpg,2
Corona/Corona_281.jpg,2
Corona/Corona_1333.jpg,2
Corona/Corona_45.jpg,2
Corona/Corona_762.jpg,2
Corona/Corona_1467.jpg,2
Corona/Corona_1451.jpg,2
Corona/Corona_252.jpg,2
Corona/Corona_648.jpg,2
Corona/Corona_1397.jpg,2
Corona/Corona_220.jpg,2
Corona/Corona_463.jpg,2
Corona/Corona_319.jpg,2
Corona/Corona_1526.jpg,2
Corona/Corona_123.jpg,2
Corona/Corona_445.jpg,2
Corona/Corona_1390.jpg,2
Corona/Corona_720.jpg,2
Corona/Corona_542.jpg,2
Corona/Corona_461.jpg,2
Corona/Corona_1513.jpg,2
Corona/Corona_782.jpg,2
Corona/Corona_553.png,2
Corona/Corona_9.jpg,2
Corona/Corona_1444.jpg,2
Corona/Corona_1024.jpg,2
Corona/Corona_1245.jpg,2
Corona/Corona_201.jpg,2
Corona/Corona_1141.jpg,2
Corona/Corona_169.jpg,2
Corona/Corona_37.jpg,2
Corona/Corona_659.jpg,2
Corona/Corona_1490.jpg,2
Corona/Corona_87.jpg,2
Corona/Corona_1432.jpg,2
Corona/Corona_402.jpg,2
Corona/Corona_566.jpg,2
Corona/Corona_50.jpg,2
Corona/Corona_809.jpg,2
Corona/Corona_866.jpg,2
Corona/Corona_279.jpg,2
Corona/Corona_238.jpg,2
Corona/Corona_240.png,2
Corona/Corona_562.jpg,2
Corona/Corona_204.jpg,2
Corona/Corona_195.jpg,2
Corona/Corona_525.jpg,2
Corona/Corona_649.jpg,2
Corona/Corona_451.jpg,2
Corona/Corona_337.png,2
Corona/Corona_710.jpg,2
Corona/Corona_266.jpg,2
Corona/Corona_1547.jpg,2
Corona/Corona_48.jpg,2
Corona/Corona_1247.jpg,2
Corona/Corona_245.jpg,2
Corona/Corona_1496.jpg,2
Corona/Corona_425.jpg,2
Corona/Corona_373.jpg,2
Corona/Corona_545.jpg,2
Corona/Corona_828.jpg,2
Corona/Corona_1107.jpg,2
Corona/Corona_99.jpg,2
Corona/Corona_1191.jpg,2
Corona/Corona_787.jpg,2
Corona/Corona_1049.jpg,2
Corona/Corona_1130.jpg,2
Corona/Corona_403.jpg,2
Corona/Corona_246.jpg,2
Corona/Corona_401.jpg,2
Corona/Corona_1440.jpg,2
Corona/Corona_65.png,2
Corona/Corona_661.jpg,2
Corona/Corona_1187.jpg,2
Corona/Corona_534.jpg,2
Corona/Corona_261.jpg,2
Corona/Corona_832.jpg,2
Corona/Corona_1302.jpg,2
Corona/Corona_1343.jpg,2
Corona/Corona_207.jpg,2
Corona/Corona_464.jpg,2
Corona/Corona_502.jpg,2
Corona/Corona_614.jpg,2
Corona/Corona_110.jpg,2
Corona/Corona_265.jpg,2
Corona/Corona_1580.jpg,2
Corona/Corona_121.jpg,2
Corona/Corona_1176.jpg,2
Corona/Corona_1198.jpg,2
Corona/Corona_910.jpg,2
Corona/Corona_1340.jpg,2
Corona/Corona_44.jpg,2
Corona/Corona_561.jpg,2
Corona/Corona_1475.jpg,2
Corona/Corona_1062.jpg,2
Corona/Corona_1224.jpg,2
Corona/Corona_1494.jpg,2
Corona/Corona_584.jpg,2
Corona/Corona_304.jpg,2
Corona/Corona_1168.jpg,2
Corona/Corona_1082.jpg,2
Corona/Corona_241.jpg,2
Corona/Corona_322.jpg,2
Corona/Corona_640.jpg,2
Corona/Corona_1278.jpg,2
Corona/Corona_423.jpg,2
Corona/Corona_1309.jpg,2
Corona/Corona_571.jpg,2
Corona/Corona_227.jpg,2
Corona/Corona_807.jpg,2
Corona/Corona_526.jpg,2
Corona/Corona_920.jpg,2
Corona/Corona_1190.jpg,2
Corona/Corona_1413.jpg,2
Corona/Corona_1581.jpg,2
Corona/Corona_12.jpg,2
Corona/Corona_1011.jpg,2
Corona/Corona_105.jpg,2
Corona/Corona_342.jpg,2
Corona/Corona_867.jpg,2
Corona/Corona_599.jpg,2
Corona/Corona_587.jpg,2
Corona/Corona_78.jpg,2
Corona/Corona_404.jpg,2
Corona/Corona_840.jpg,2
Corona/Corona_465.jpg,2
Corona/Corona_1485.jpg,2
Corona/Corona_778.jpg,2
Corona/Corona_1041.jpg,2
Corona/Corona_326.jpg,2
Corona/Corona_389.jpg,2
Corona/Corona_393.jpg,2
Corona/Corona_296.jpg,2
Corona/Corona_1158.jpg,2
Corona/Corona_543.jpg,2
Corona/Corona_56.jpg,2
Corona/Corona_199.jpg,2
Corona/Corona_864.jpg,2
Corona/Corona_115.jpg,2
Corona/Corona_305.jpg,2
Corona/Corona_81.jpg,2
Corona/Corona_339.png,2
Corona/Corona_943.jpg,2
Corona/Corona_285.jpg,2
Corona/Corona_628.jpg,2
Corona/Corona_100.jpg,2
Corona/Corona_1491.jpg,2
Corona/Corona_1336.jpg,2
Corona/Corona_630.jpg,2
Corona/Corona_1588.jpg,2
Corona/Corona_1213.jpg,2
Corona/Corona_1268.jpg,2
Corona/Corona_1589.jpg,2
Corona/Corona_1509.jpg,2
Corona/Corona_294.jpg,2
Corona/Corona_1487.jpg,2
Corona/Corona_675.jpg,2
Corona/Corona_316.jpg,2
Corona/Corona_1350.jpg,2
Corona/Corona_760.jpg,2
Corona/Corona_1422.jpg,2
Corona/Corona_151.jpg,2
Corona/Corona_277.jpg,2
Corona/Corona_54.jpg,2
Corona/Corona_331.jpg,2
Corona/Corona_733.jpg,2
Corona/Corona_205.jpg,2
Corona/Corona_590.jpg,2
Corona/Corona_1010.jpg,2
Corona/Corona_154.jpg,2
Corona/Corona_264.jpg,2
Corona/Corona_693.jpg,2
Corona/Corona_387.jpg,2
Corona/Corona_293.jpg,2
Corona/Corona_1409.jpg,2
Corona/Corona_1033.jpg,2
Corona/Corona_19.jpg,2
Corona/Corona_186.jpg,2
Corona/Corona_165.jpg,2
Corona/Corona_147.jpg,2
Corona/Corona_1530.jpg,2
Corona/Corona_1403.jpg,2
Corona/Corona_414.jpg,2
Corona/Corona_1416.jpg,2
Corona/Corona_162.jpg,2
Corona/Corona_1431.jpg,2
Corona/Corona_40.jpg,2
Corona/Corona_1226.jpg,2
Corona/Corona_1568.jpg,2
Corona/Corona_77.jpg,2
Corona/Corona_273.jpg,2
Corona/Corona_286.jpg,2
Corona/Corona_495.jpg,2
Corona/Corona_83.jpg,2
Corona/Corona_1433.jpg,2
Corona/Corona_922.jpg,2
Corona/Corona_701.jpg,2
Corona/Corona_472.jpg,2
Corona/Corona_239.jpg,2
Corona/Corona_577.jpg,2
Corona/Corona_558.jpg,2
Corona/Corona_758.jpg,2
Corona/Corona_344.jpg,2
Corona/Corona_318.jpg,2
Corona/Corona_396.jpg,2
Corona/Corona_416.jpg,2
Corona/Corona_120.jpg,2
Corona/Corona_522.png,2
Corona/Corona_1364.jpg,2
Corona/Corona_132.jpg,2
Corona/Corona_1056.jpg,2
Corona/Corona_746.jpg,2
Corona/Corona_1185.jpg,2
Corona/Corona_597.jpg,2
Corona/Corona_1532.jpg,2
Corona/Corona_1124.jpg,2
Corona/Corona_1551.jpg,2
Corona/Corona_1009.jpg,2
Corona/Corona_717.jpg,2
Corona/Corona_1579.jpg,2
Corona/Corona_518.jpg,2
Corona/Corona_208.jpg,2
Corona/Corona_221.jpg,2
Corona/Corona_680.jpg,2
Corona/Corona_668.jpg,2
Corona/Corona_966.jpg,2
Corona/Corona_1004.jpg,2
Corona/Corona_250.jpg,2
Corona/Corona_364.jpg,2
Corona/Corona_1380.jpg,2
Corona/Corona_170.jpg,2
Corona/Corona_1521.jpg,2
Corona/Corona_36.jpg,2
Corona/Corona_653.jpg,2
Corona/Corona_611.jpg,2
Corona/Corona_198.jpg,2
Corona/Corona_1063.jpg,2
Corona/Corona_1189.jpg,2
Corona/Corona_381.jpg,2
Corona/Corona_1262.jpg,2
Corona/Corona_898.jpg,2
Corona/Corona_757.jpg,2
Corona/Corona_262.jpg,2
Corona/Corona_1209.jpg,2
Corona/Corona_487.jpg,2
Corona/Corona_529.jpg,2
Corona/Corona_1110.jpg,2
Corona/Corona_575.jpg,2
Corona/Corona_694.jpg,2
Corona/Corona_1389.jpg,2
Corona/Corona_1220.jpg,2
Corona/Corona_703.jpg,2
Corona/Corona_506.jpg,2
Corona/Corona_1543.jpg,2
Corona/Corona_1481.jpg,2
Corona/Corona_485.jpg,2
Corona/Corona_992.jpg,2
Corona/Corona_5.jpg,2
Corona/Corona_1138.jpg,2
Corona/Corona_1546.jpg,2
Corona/Corona_152.jpg,2
Corona/Corona_90.jpg,2
Corona/Corona_559.jpg,2
Corona/Corona_624.jpg,2
Corona/Corona_118.jpg,2
Corona/Corona_533.jpg,2
Corona/Corona_537.jpg,2
Corona/Corona_329.jpg,2
Corona/Corona_243.jpg,2
Corona/Corona_825.jpg,2
Corona/Corona_33.jpg,2
Corona/Corona_236.jpg,2
Corona/Corona_1515.jpg,2
Corona/Corona_234.jpg,2
Corona/Corona_519.jpg,2
Corona/Corona_1128.jpg,2
Corona/Corona_412.jpg,2
Corona/Corona_1424.jpg,2
Corona/Corona_202.jpg,2
Corona/Corona_67.jpg,2
Corona/Corona_347.jpg,2
Corona/Corona_482.jpg,2
Corona/Corona_745.jpg,2
Corona/Corona_1582.jpg,2
Corona/Corona_16.jpg,2
Corona/Corona_377.jpg,2
Corona/Corona_28.jpg,2
Corona/Corona_351.jpg,2
Corona/Corona_1522.jpg,2
Corona/Corona_1524.jpg,2
Corona/Corona_1008.jpg,2
Corona/Corona_593.jpg,2
Corona/Corona_106.jpg,2
Corona/Corona_441.png,2
Corona/Corona_638.jpg,2
Corona/Corona_349.jpg,2
Corona/Corona_602.jpg,2
Corona/Corona_1483.jpg,2
Corona/Corona_418.jpg,2
Corona/Corona_1538.jpg,2
Corona/Corona_1108.jpg,2
Corona/Corona_1423.jpg,2
Corona/Corona_508.jpg,2
Corona/Corona_555.jpg,2
Corona/Corona_1415.jpg,2
Corona/Corona_184.jpg,2
Corona/Corona_177.jpg,2
Corona/Corona_1254.jpg,2
Corona/Corona_1577.jpg,2
Corona/Corona_916.jpg,2
Corona/Corona_723.jpg,2
Corona/Corona_583.jpg,2
Corona/Corona_61.jpg,2
Corona/Corona_290.jpg,2
Corona/Corona_1417.jpg,2
Corona/Corona_161.jpg,2
Corona/Corona_295.jpg,2
Corona/Corona_270.jpg,2
Corona/Corona_211.jpg,2
Corona/Corona_660.jpg,2
Corona/Corona_484.jpg,2
Corona/Corona_1507.jpg,2
Corona/Corona_185.jpg,2
Corona/Corona_49.jpg,2
Corona/Corona_468.jpg,2
Corona/Corona_297.jpg,2
Corona/Corona_589.jpg,2
Corona/Corona_798.jpg,2
Corona/Corona_178.jpg,2
Corona/Corona_899.jpg,2
Corona/Corona_719.jpg,2
Corona/Corona_1502.jpg,2
Corona/Corona_729.jpg,2
Corona/Corona_591.jpg,2
Corona/Corona_210.jpg,2
Corona/Corona_24.jpg,2
Corona/Corona_1257.jpg,2
Corona/Corona_139.jpg,2
Corona/Corona_507.jpg,2
Corona/Corona_676.jpg,2
Corona/Corona_967.jpg,2
Corona/Corona_1016.jpg,2
Corona/Corona_613.jpg,2
Corona/Corona_576.jpg,2
Corona/Corona_499.jpg,2
Corona/Corona_52.jpg,2
Corona/Corona_606.JPG,2
Corona/Corona_433.jpg,2
Corona/Corona_3.jpg,2
Corona/Corona_411.jpg,2
Corona/Corona_95.jpg,2
Corona/Corona_69.jpg,2
Corona/Corona_119.jpg,2
Corona/Corona_283.jpg,2
Corona/Corona_888.jpg,2
Corona/Corona_311.jpg,2
Corona/Corona_960.jpg,2
Corona/Corona_168.jpg,2
Corona/Corona_179.jpg,2
Corona/Corona_714.jpg,2
Corona/Corona_984.jpg,2
Corona/Corona_1573.jpg,2
Corona/Corona_1023.jpg,2
Corona/Corona_1560.jpg,2
Corona/Corona_498.jpg,2
Corona/Corona_1047.jpg,2
Corona/Corona_216.jpg,2
Corona/Corona_685.jpg,2
Corona/Corona_456.png,2
Corona/Corona_812.jpg,2
Corona/Corona_901.jpg,2
Corona/Corona_467.jpg,2
Corona/Corona_605.JPG,2
Corona/Corona_627.jpg,2
Corona/Corona_138.jpg,2
Corona/Corona_82.jpg,2
Corona/Corona_46.jpg,2
Corona/Corona_512.jpg,2
Corona/Corona_1085.jpg,2
Corona/Corona_1591.jpg,2
Corona/Corona_1233.jpg,2
Corona/Corona_1553.jpg,2
Corona/Corona_990.jpg,2
Corona/Corona_369.jpg,2
Corona/Corona_857.jpg,2
Corona/Corona_915.jpg,2
Corona/Corona_96.jpg,2
Corona/Corona_730.jpg,2
Corona/Corona_1595.jpg,2
Corona/Corona_327.jpg,2
Corona/Corona_376.jpg,2
Corona/Corona_1159.jpg,2
Corona/Corona_1516.jpg,2
Corona/Corona_1027.jpg,2
Corona/Corona_1385.jpg,2
Corona/Corona_1518.jpg,2
Corona/Corona_307.jpg,2
Corona/Corona_929.jpg,2
Corona/Corona_1073.jpg,2
Corona/Corona_1337.jpg,2
Corona/Corona_709.jpg,2
Corona/Corona_621.jpg,2
Corona/Corona_882.jpg,2
Corona/Corona_298.jpg,2
Corona/Corona_276.jpg,2
Corona/Corona_1304.jpg,2
Corona/Corona_665.jpg,2
Corona/Corona_1519.jpg,2
Corona/Corona_862.jpg,2
Corona/Corona_612.jpg,2
Corona/Corona_249.jpg,2
Corona/Corona_1059.jpg,2
Corona/Corona_625.jpg,2
Corona/Corona_1032.jpg,2
Corona/Corona_251.jpg,2
Corona/Corona_1414.jpg,2
Corona/Corona_1548.jpg,2
Corona/Corona_633.jpg,2
Corona/Corona_664.jpg,2
Corona/Corona_1192.jpg,2
Corona/Corona_359.jpg,2
Corona/Corona_53.jpg,2
Corona/Corona_560.jpg,2
Corona/Corona_214.jpg,2
Corona/Corona_343.jpg,2
Corona/Corona_652.jpg,2
Corona/Corona_548.jpg,2
Corona/Corona_1430.jpg,2
Corona/Corona_935.jpg,2
Corona/Corona_157.png,2
Corona/Corona_1156.jpg,2
Corona/Corona_556.jpg,2
Corona/Corona_181.jpg,2
Corona/Corona_419.jpg,2
Corona/Corona_528.jpg,2
Corona/Corona_644.jpg,2
Corona/Corona_1193.jpg,2
Corona/Corona_454.jpg,2
Corona/Corona_11.jpg,2
Corona/Corona_1469.jpg,2
Corona/Corona_372.jpg,2
Corona/Corona_215.jpg,2
Corona/Corona_17.jpg,2
Corona/Corona_1458.jpg,2
Corona/Corona_949.jpg,2
Corona/Corona_224.jpg,2
Corona/Corona_291.jpg,2
Corona/Corona_346.jpg,2
Corona/Corona_883.jpg,2
Corona/Corona_695.jpg,2
Corona/Corona_1539.jpg,2
Corona/Corona_1055.jpg,2
Corona/Corona_43.jpg,2
Corona/Corona_4.jpg,2
Corona/Corona_711.jpg,2
Corona/Corona_85.jpg,2
Corona/Corona_30.jpg,2
Corona/Corona_442.jpg,2
Corona/Corona_1229.jpg,2
Corona/Corona_1376.jpg,2
Corona/Corona_1566.jpg,2
Corona/Corona_399.jpg,2
Corona/Corona_1360.jpg,2
Corona/Corona_618.jpg,2
Corona/Corona_1549.jpg,2
Corona/Corona_299.png,2
Corona/Corona_904.jpg,2
Corona/Corona_540.jpg,2
Corona/Corona_361.jpg,2
Corona/Corona_856.jpg,2
Corona/Corona_747.jpg,2
Corona/Corona_352.jpg,2
Corona/Corona_182.jpg,2
Corona/Corona_1328.jpg,2
Corona/Corona_1388.jpg,2
Corona/Corona_748.jpg,2
Corona/Corona_476.png,2
Corona/Corona_1517.jpg,2
Corona/Corona_209.jpg,2
Corona/Corona_84.jpg,2
Corona/Corona_269.jpg,2
Corona/Corona_1437.jpg,2
Corona/Corona_288.jpg,2
Corona/Corona_670.jpg,2
Corona/Corona_481.jpg,2
Corona/Corona_503.jpg,2
Corona/Corona_336.jpg,2
Corona/Corona_1160.jpg,2
Corona/Corona_578.jpg,2
Corona/Corona_247.jpg,2
Corona/Corona_1078.jpg,2
Corona/Corona_1214.jpg,2
Corona/Corona_667.jpg,2
Corona/Corona_328.jpg,2
Corona/Corona_521.png,2
Corona/Corona_47.jpg,2
Corona/Corona_931.jpg,2
Corona/Corona_600.jpg,2
Corona/Corona_8.jpg,2
Corona/Corona_447.jpg,2
Corona/Corona_1030.jpg,2
Corona/Corona_1454.jpg,2
Corona/Corona_520.jpg,2
Corona/Corona_572.jpg,2
Corona/Corona_598.jpg,2
Corona/Corona_231.jpg,2
Corona/Corona_148.jpg,2
Corona/Corona_1406.jpg,2
Corona/Corona_906.jpg,2
Corona/Corona_1197.jpg,2
Corona/Corona_1157.jpg,2
Corona/Corona_686.jpg,2
Corona/Corona_790.jpg,2
Corona/Corona_330.jpg,2
Corona/Corona_325.jpg,2
Corona/Corona_309.jpg,2
Corona/Corona_370.jpg,2
Corona/Corona_469.jpg,2
Corona/Corona_365.jpg,2
Corona/Corona_1280.jpg,2
Corona/Corona_213.jpg,2
Corona/Corona_595.jpg,2
Corona/Corona_303.jpg,2
Corona/Corona_206.jpg,2
Corona/Corona_607.JPG,2
Corona/Corona_408.jpg,2
Corona/Corona_1329.jpg,2
Corona/Corona_1136.jpg,2
Corona/Corona_891.jpg,2
Corona/Corona_1352.jpg,2
Corona/Corona_1353.jpg,2
Corona/Corona_683.jpg,2
Corona/Corona_34.jpg,2
Corona/Corona_1341.jpg,2
Corona/Corona_91.jpg,2
Corona/Corona_662.jpg,2
Corona/Corona_1586.jpg,2
Corona/Corona_1534.jpg,2
Corona/Corona_713.jpg,2
Corona/Corona_379.jpg,2
Corona/Corona_505.jpg,2
Corona/Corona_335.jpg,2
Corona/Corona_223.jpg,2
Corona/Corona_504.jpg,2
Corona/Corona_1232.jpg,2
Corona/Corona_1418.jpg,2
Corona/Corona_552.jpg,2
Corona/Corona_610.jpg,2
Corona/Corona_143.jpg,2
Corona/Corona_497.jpg,2
Corona/Corona_1457.jpg,2
Corona/Corona_190.jpg,2
Corona/Corona_429.jpg,2
Corona/Corona_405.jpg,2
Corona/Corona_382.jpg,2
Corona/Corona_1293.jpg,2
Corona/Corona_386.jpg,2
Corona/Corona_466.jpg,2
Corona/Corona_971.jpg,2
Corona/Corona_1465.jpg,2
Corona/Corona_321.jpg,2
Corona/Corona_146.jpg,2
Corona/Corona_317.jpg,2
Corona/Corona_272.jpg,2
Corona/Corona_390.jpg,2
Corona/Corona_841.jpg,2
Corona/Corona_725.jpg,2
Corona/Corona_1446.jpg,2
Corona/Corona_734.jpg,2
Corona/Corona_435.jpg,2
Corona/Corona_302.jpg,2
Corona/Corona_1324.jpg,2
Corona/Corona_673.jpg,2
Corona/Corona_690.jpg,2
Corona/Corona_323.jpg,2
Corona/Corona_94.jpg,2
Corona/Corona_284.jpg,2
Corona/Corona_2.jpg,2
Corona/Corona_488.jpg,2
Corona/Corona_314.jpg,2
Corona/Corona_1125.jpg,2
Corona/Corona_79.jpg,2
Corona/Corona_315.jpg,2
Corona/Corona_573.jpg,2
Corona/Corona_1355.jpg,2
Corona/Corona_1152.jpg,2
Corona/Corona_133.jpg,2
Corona/Corona_255.jpg,2
Corona/Corona_475.jpg,2
Corona/Corona_539.jpg,2
Corona/Corona_1562.jpg,2
Corona/Corona_194.jpg,2
Corona/Corona_951.jpg,2
Corona/Corona_292.jpg,2
Corona/Corona_1464.jpg,2
Corona/Corona_824.jpg,2
Corona/Corona_233.jpg,2
Corona/Corona_731.jpg,2
Corona/Corona_75.jpg,2
Corona/Corona_212.jpg,2
Corona/Corona_1037.jpg,2
Corona/Corona_1529.jpg,2
Corona/Corona_997.jpg,2
Corona/Corona_1593.jpg,2
Corona/Corona_153.jpg,2
Corona/Corona_156.jpg,2
Corona/Corona_57.jpg,2
Corona/Corona_737.jpg,2
Corona/Corona_397.jpg,2
Corona/Corona_86.jpg,2
Corona/Corona_72.jpg,2
Corona/Corona_420.jpg,2
Corona/Corona_142.jpg,2
Corona/Corona_275.jpg,2
Corona/Corona_136.jpg,2
Corona/Corona_1544.jpg,2
Corona/Corona_398.jpg,2
Corona/Corona_1552.jpg,2
Corona/Corona_1510.jpg,2
Corona/Corona_232.jpg,2
Corona/Corona_735.jpg,2
Corona/Corona_524.jpg,2
Corona/Corona_763.jpg,2
Corona/Corona_892.jpg,2
Corona/Corona_427.jpg,2
Corona/Corona_380.jpg,2
Corona/Corona_604.JPG,2
Corona/Corona_721.jpg,2
Corona/Corona_1029.jpg,2
Corona/Corona_546.jpg,2
Corona/Corona_816.jpg,2
Corona/Corona_494.png,2
Corona/Corona_51.jpg,2
Corona/Corona_1571.jpg,2
Corona/Corona_88.jpg,2
Corona/Corona_893.jpg,2
Corona/Corona_1537.jpg,2
Corona/Corona_820.jpg,2
Corona/Corona_492.jpg,2
Corona/Corona_655.jpg,2
Corona/Corona_834.jpg,2
Corona/Corona_443.jpg,2
Corona/Corona_736.jpg,2
Corona/Corona_1238.jpg,2
Corona/Corona_538.jpg,2
Corona/Corona_1484.jpg,2
Corona/Corona_226.jpg,2
Corona/Corona_486.jpg,2
Corona/Corona_111.jpg,2
Corona/Corona_592.jpg,2
Corona/Corona_164.jpg,2
Corona/Corona_635.jpg,2
Corona/Corona_421.jpg,2
Corona/Corona_859.jpg,2
Corona/Corona_902.jpg,2
Corona/Corona_258.jpg,2
Corona/Corona_581.jpg,2
Corona/Corona_1298.jpg,2
Corona/Corona_1255.jpg,2
Corona/Corona_641.jpg,2
Corona/Corona_448.jpg,2
Corona/Corona_1391.jpg,2
Corona/Corona_439.jpg,2
Corona/Corona_333.jpg,2
Corona/Corona_62.jpg,2
Corona/Corona_109.jpg,2
Corona/Corona_32.jpg,2
Corona/Corona_1243.jpg,2
Corona/Corona_1474.jpg,2
Corona/Corona_1392.jpg,2
Corona/Corona_130.jpg,2
Corona/Corona_1520.jpg,2
Corona/Corona_1351.jpg,2
Corona/Corona_63.jpg,2
Corona/Corona_1330.jpg,2
Corona/Corona_300.jpg,2
Corona/Corona_257.jpg,2
Corona/Corona_1439.jpg,2
Corona/Corona_93.jpg,2
Corona/Corona_1584.jpg,2
Corona/Corona_1303.jpg,2
Corona/Corona_527.jpg,2
Corona/Corona_134.jpg,2
Corona/Corona_500.jpg,2
Corona/Corona_278.jpg,2
Corona/Corona_117.jpg,2
Corona/Corona_20.jpg,2
Corona/Corona_1211.jpg,2
Corona/Corona_700.jpg,2
Corona/Corona_679.jpg,2
Corona/Corona_697.jpg,2
Corona/Corona_1555.jpg,2
Corona/Corona_7.jpg,2
Corona/Corona_1533.jpg,2
Corona/Corona_470.jpg,2
Corona/Corona_1184.jpg,2
Corona/Corona_267.jpg,2
Corona/Corona_26.jpg,2
Corona/Corona_228.jpg,2
Corona/Corona_947.jpg,2
Corona/Corona_886.jpg,2
Corona/Corona_1438.jpg,2
Corona/Corona_431.jpg,2
Corona/Corona_1319.jpg,2
Corona/Corona_1091.jpg,2
Corona/Corona_127.jpg,2
Corona/Corona_426.jpg,2
Corona/Corona_744.jpg,2
Corona/Corona_1572.jpg,2
Corona/Corona_934.jpg,2
Corona/Corona_1339.jpg,2
Corona/Corona_104.jpg,2
Corona/Corona_222.jpg,2
Corona/Corona_237.jpg,2
Corona/Corona_1429.jpg,2
Corona/Corona_145.png,2
Corona/Corona_1241.jpg,2
Corona/Corona_176.jpg,2
Corona/Corona_541.jpg,2
Corona/Corona_254.jpg,2
Corona/Corona_29.jpg,2
Corona/Corona_248.jpg,2
Corona/Corona_718.jpg,2
Corona/Corona_1291.jpg,2
Corona/Corona_340.jpg,2
Corona/Corona_415.jpg,2
Corona/Corona_1070.jpg,2
Corona/Corona_1335.jpg,2
Corona/Corona_1569.jpg,2
Corona/Corona_1210.jpg,2
Corona/Corona_531.jpg,2
Corona/Corona_639.jpg,2
Corona/Corona_180.jpg,2
Corona/Corona_375.jpg,2
Corona/Corona_987.jpg,2
Corona/Corona_97.jpg,2
Corona/Corona_477.jpg,2
Corona/Corona_588.jpg,2
Corona/Corona_191.jpg,2
Corona/Corona_1165.jpg,2
Corona/Corona_1170.jpg,2
Corona/Corona_92.jpg,2
Corona/Corona_313.jpg,2
Corona/Corona_31.jpg,2
Corona/Corona_684.jpg,2
Corona/Corona_634.jpg,2
Corona/Corona_869.jpg,2
Corona/Corona_958.jpg,2
Corona/Corona_263.jpg,2
Corona/Corona_362.jpg,2
Corona/Corona_1554.jpg,2
Corona/Corona_354.jpg,2
Corona/Corona_1396.jpg,2
Corona/Corona_66.jpg,2
Corona/Corona_187.jpg,2
Corona/Corona_1020.jpg,2
Corona/Corona_523.jpg,2
Corona/Corona_229.jpg,2
Corona/Corona_1561.jpg,2
Corona/Corona_116.jpg,2
Corona/Corona_430.jpg,2
Corona/Corona_112.jpg,2
Corona/Corona_1086.jpg,2
Corona/Corona_1342.jpg,2
Corona/Corona_1205.jpg,2
Corona/Corona_242.jpg,2
Corona/Corona_609.jpg,2
Corona/Corona_196.jpg,2
Corona/Corona_704.jpg,2
Corona/Corona_1036.jpg,2
Corona/Corona_1171.jpg,2
Corona/Corona_1105.jpg,2
Corona/Corona_301.jpg,2
Corona/Corona_324.jpg,2
Corona/Corona_409.jpg,2
Corona/Corona_554.jpg,2
Corona/Corona_688.jpg,2
Corona/Corona_391.jpg,2
Corona/Corona_1231.jpg,2
Corona/Corona_1500.jpg,2
Corona/Corona_1188.jpg,2
Corona/Corona_1583.jpg,2
Corona/Corona_769.jpg,2
Corona/Corona_1504.jpg,2
Corona/Corona_13.jpg,2
Corona/Corona_126.jpg,2
Corona/Corona_642.jpg,2
Corona/Corona_1034.jpg,2
Corona/Corona_444.jpg,2
Corona/Corona_166.jpg,2
Corona/Corona_515.jpg,2
Corona/Corona_797.jpg,2
Corona/Corona_113.jpg,2
Corona/Corona_1347.jpg,2
Corona/Corona_923.jpg,2
Corona/Corona_1195.jpg,2
Corona/Corona_619.jpg,2
Corona/Corona_312.jpg,2
Corona/Corona_129.jpg,2
Corona/Corona_424.jpg,2
